inv_temp,pressure,z_water,z_absorbent,z_co2,z_n2
0.0023276051280157303,152526.67856452754,0.674726149411872,0.0366498869098722,0.081480240272358,0.2071437234058976
0.00253842330118502,208765.74434030332,0.674128464916721,0.0608477582968771,0.031885240683332,0.2331385361030697
0.002548814716980298,188943.93612148703,0.5798198268283159,0.0538460711017251,0.0249114116188138,0.3414226904511451
0.0030521838784312726,233546.076377132,0.5666603727079927,0.0453338896855712,0.0741960557363927,0.3138096818700433
0.0029755314798413143,206539.880893298,0.5128497303649783,0.0757377823069691,0.0254221539571881,0.3859903333708644
0.002905253622271195,137240.94510561554,0.5541722684912382,0.0848878493532538,0.0211841680295765,0.3397557141259313
0.0027524767649831465,201009.77115542628,0.6024900096654892,0.0374222729168832,0.0375827738083899,0.3225049436092377
0.0026679559525697176,239348.5378987505,0.6093290581554174,0.0372391328588128,0.0801096437871456,0.2733221651986242
0.0028980509918738783,125463.09938271296,0.6276477454882115,0.0519492688775062,0.0555568423215299,0.2648461433127522
0.0024977316322541965,135608.91164042987,0.618944630464539,0.0697784421034157,0.0186233058851212,0.2926536215469241
0.0027146458880381486,138004.71022567945,0.6327714692056179,0.0333157189935445,0.0307656567543745,0.303147155046463
0.002514176246749916,140435.57455816772,0.6871814367268234,0.0430143067240715,0.0232244545128196,0.2465798020362854
0.0030016727449150367,136904.6387596638,0.6932657132390887,0.0463439916074275,0.0204247419442981,0.2399655532091856
0.002736959916264656,188479.82058499477,0.6825930663011968,0.0510393062233924,0.0383333271183073,0.2280343003571033
0.002281317098384735,113724.16940890253,0.6007145527936517,0.0452090278826654,0.0272545927390456,0.3268218265846372
0.0022440797776595665,224978.11799860792,0.626642406117171,0.0579416389763355,0.0419235743023455,0.2734923806041479
0.0024650440720372026,168013.57578806346,0.5455755569133908,0.0405345806851983,0.0465563582163304,0.3673335041850805
0.0030789050258790275,147446.5701903915,0.6399585365317761,0.0687063040398061,0.0775671169906854,0.2137680424377322
0.0024195877114682983,128532.5250027934,0.5381855460256337,0.0546770190633833,0.0305885150842368,0.376548919826746
0.0029555642825173285,135107.63542572968,0.510574070289731,0.0650851924531161,0.048951332103461,0.3753894051536918
0.002472653055741939,180445.3910158365,0.5465451540146022,0.0602521707676351,0.0370677913445979,0.3561348838731646
0.002350700452155602,148394.00173035683,0.7076061842404305,0.0293458744138479,0.0359970459155738,0.2270508954301476
0.002742531127497342,110701.88341591274,0.5275357502233237,0.0590091957710683,0.0537398068513721,0.3597152471542358
0.0023613991154096572,190197.0700384816,0.7536105723306536,0.0258131783828139,0.0188984474539756,0.2016778018325567
0.002917503009768746,109927.90918765822,0.5015468569938093,0.0432559857703745,0.0594601348880678,0.3957370223477483
0.002271522575410462,194655.1987867453,0.584200226161629,0.0337352101132273,0.0475119931064546,0.334552570618689
0.0023312038072710118,166061.74488225952,0.5569575465656817,0.0533807059377431,0.0195708279497921,0.3700909195467829
0.0024351805198483557,234890.3910321649,0.524113417994231,0.0292237763479352,0.0562153496406972,0.3904474560171366
0.003090645503030795,119452.89233294316,0.5905533955618739,0.0758489315956831,0.0840231442078948,0.2495745286345482
0.00308312921819798,225206.73526738535,0.5290076402109116,0.0410475412011146,0.031450163135305,0.3984946554526687
0.0025833751673212135,103253.6057650228,0.5836019493080675,0.0351522861793637,0.0680151777155697,0.313230586796999
0.0024949595522483358,199121.80506951408,0.5667157744057476,0.0402483306452631,0.0734389779530465,0.3195969169959426
0.003046787882872993,187080.6389801321,0.583192573795095,0.040923118609935,0.0209089633543044,0.3549753442406654
0.0032961732471548815,244340.2567472658,0.5828832576610148,0.0437213364057242,0.0560336118936538,0.317361794039607
0.00287156925142518,226975.3276570933,0.6594027244113385,0.0672889995388686,0.0379237793758511,0.2353844966739416
0.003254301096356122,217022.60292201536,0.5175795048568397,0.0844152887165546,0.0243201284762471,0.3736850779503584
0.002397695347596676,167065.06578329718,0.5612221337575465,0.071388975623995,0.0701727343071252,0.2972161563113332
0.003251209513227006,211193.19435996003,0.6120063637569546,0.06687499538064,0.0784963788092136,0.2426222620531916
0.002409715868740985,142744.02697834885,0.6624381795618683,0.0448512243293225,0.0680916171241551,0.2246189789846539
0.0029305715595500073,121280.927114957,0.5151855857204646,0.0569277960434556,0.0685259853769093,0.3593606328591704
0.0023729415768592946,196676.5700767748,0.588764946963638,0.0459486663527786,0.0175999510288238,0.3476864356547594
0.0033412306776499784,240012.77851044436,0.5747697390336544,0.0505163334682583,0.0264784190710634,0.3482355084270239
0.002259083605270734,220798.98069131887,0.5663624674547463,0.0661796154268086,0.0755964683089405,0.2918614488095045
0.003034844970442068,139001.49522519205,0.6468066810350865,0.0286505972780287,0.0481897536199539,0.2763529680669307
0.002223906289047636,176880.4256116273,0.5155258423835039,0.0702180517464876,0.0189771912246942,0.3952789146453142
0.002723924020583575,186333.2596174325,0.648138471422717,0.0307769469171762,0.0500086374301463,0.2710759442299604
0.0025329778785101458,196394.25859486216,0.5436930786445737,0.0300509860925376,0.0672434013523161,0.3590125339105725
0.0031954956102789446,228094.53320342585,0.558276327541098,0.0728174867294728,0.0482690356206148,0.3206371501088143
0.0024219416902751304,102630.50365248928,0.5290248266048729,0.0688894464448094,0.0391588910110294,0.3629268359392881
0.0029155489783619375,167432.88158961805,0.5974281679093838,0.0618077749945223,0.0188640592806041,0.3218999978154898
0.002527203028632367,201711.15078827133,0.5751124293729662,0.0810883130319416,0.0786054117046296,0.2651938458904624
0.003346729701820896,102171.05768881738,0.4836611381173133,0.0735867346636951,0.0761011336557567,0.3666509935632348
0.003183701099173049,196587.17399344317,0.6791649190615863,0.0591205437667667,0.0390258013363927,0.2226887358352542
0.0022474030931153035,243761.8862236035,0.4897721163835375,0.0589081048220396,0.0793502268288284,0.3719695519655943
0.0024300898540785074,246294.82040558945,0.7028483301680535,0.0623784237354993,0.0205940487701445,0.2141791973263025
0.002383092391524108,242847.1864229883,0.5048339186701923,0.0428892135247588,0.0686995435412973,0.3835773242637515
0.002507131092484164,142569.46515674936,0.6403512835036963,0.0307113639451563,0.0468939473014324,0.2820434052497149
0.0027596465415118746,252098.3285433962,0.6777636671625078,0.065616840980947,0.0231264683045446,0.2334930235520005
0.002541294850073401,126223.55592733948,0.5185810957849025,0.0491274002566933,0.0776774791628122,0.3546140247955918
0.0022808208482562645,227168.26004160105,0.5007917010877281,0.0363592939265072,0.0661408324260264,0.3967081725597381
0.0022857809746016223,124408.0628459109,0.4816947485599666,0.0785183031111955,0.0567889897804707,0.382997958548367
0.002472565639263992,122374.38893221552,0.5284727154206484,0.0326844793744385,0.0444923686888068,0.3943504365161061
0.0022841450566221913,175506.04176126653,0.5998519911151379,0.0540810630656778,0.0740567080955952,0.2720102377235889
0.00323122905382872,149998.06376217166,0.6738199687842279,0.0290371364541351,0.0234016100037843,0.2737412847578526
0.0032135036391396283,240347.6043913281,0.62638297541067,0.0737836986593902,0.0807739361003041,0.2190593898296356
0.0025840726207680977,183809.3676104676,0.5728887644596398,0.0456666885130107,0.0576112692058086,0.3238332778215408
0.002697018188666378,146822.33681513462,0.6517198446206749,0.0349399166367948,0.0492923230677843,0.264047915674746
0.0026903387551230175,176504.9276368227,0.6493102169502526,0.0606331747025251,0.0700767013337463,0.2199799070134759
0.0027226665571773484,144206.65314296493,0.7210669646039605,0.0547465794160962,0.021526774726808,0.2026596812531352
0.0024628903575011547,111694.84615725232,0.5263848888874054,0.0593729299679398,0.0762142655998468,0.3380279155448079
0.002226512566626199,179326.1866018991,0.5823737256973982,0.0807843768410384,0.0485761415027082,0.2882657559588552
0.002588011817824719,206914.3144166912,0.6622443194035441,0.0288800481334328,0.0478830246161669,0.2609926078468561
0.0026542090418645295,131334.8283813335,0.6060017597116529,0.033857305496931,0.0621918512694537,0.2979490835219622
0.002295735095104557,221579.08245110884,0.5913959063030779,0.0295203666388988,0.0163471338711678,0.3627365931868553
0.002675692754970033,149563.92017657636,0.660070966957137,0.0469919988326728,0.0609932676237076,0.2319437665864825
0.002681968904353451,108048.93913166596,0.526313986191526,0.0713120802119374,0.07819255980663,0.3241813737899065
0.0031427292381079764,169008.97332045715,0.5756632720585912,0.0639898377470672,0.0450621226336807,0.3152847675606609
0.002449794431876633,218982.68360935617,0.6350079923495651,0.0355714338086545,0.0588700154982507,0.2705505583435297
0.0024363797892367053,125027.15175014456,0.5992713830713182,0.0522568241506815,0.0153892250638455,0.3330825677141547
0.002604552653241872,130557.04576674616,0.5226935942936688,0.0609041466005146,0.0472391922120004,0.369163066893816
0.0025649189751123873,112868.42889252584,0.6639630404207856,0.0818775405175984,0.026375554697588,0.2277838643640279
0.002485536429288622,206075.74044411303,0.5936648375447839,0.0729163832962513,0.0389167676586657,0.294502011500299
0.003066512074658676,195383.447324764,0.5421149475127458,0.044052570220083,0.0811122893728315,0.3327201928943396
0.003153304533168276,106043.64148259629,0.6661628324072808,0.0840135380066931,0.0334653553646057,0.2163582742214203
0.002699924623392324,198895.5799854244,0.6448056410159916,0.057338265441358,0.0532553478796035,0.2446007456630468
0.0023122699903052324,111107.42694729706,0.551997741088271,0.0256405172124505,0.0342505402117967,0.3881112014874816
0.0032112781586132095,183880.4505999433,0.6354638565983624,0.0251861330680549,0.0402097121533006,0.2991402981802821
0.0024224710556992636,218373.08403466595,0.5443403731752187,0.0768080890923738,0.071751790260896,0.3070997474715113
0.0025227381576756664,188084.2979011126,0.6145926598738879,0.0643574972450733,0.0180193682108074,0.3030304746702313
0.002638563516107338,180256.1312717968,0.5191810716968029,0.0424826763011515,0.0498653776478022,0.3884708743542433
0.0022295759737212886,223414.19215472412,0.620542957438156,0.0838731264322996,0.0650859069544822,0.2304980091750622
0.002376212221510113,193750.27042360744,0.606203078078106,0.0291619989275932,0.0790076219569891,0.2856273010373116
0.002793708016072366,222104.1290548397,0.6512994643207639,0.0427389869093895,0.0683318924624472,0.2376296563073993
0.0022834542656070115,212882.63119849144,0.7318269232660533,0.0311766180209815,0.0325470321439206,0.2044494265690446
0.0032000534351116303,144371.86364567606,0.6120494149811566,0.0367258015275001,0.0591125261597335,0.2921122573316097
0.003263193662308499,192131.32716289256,0.6248215221893042,0.0488598524220287,0.0448680954333394,0.2814505299553275
0.002812958873655163,242464.9531035684,0.545428840490058,0.0523487261869013,0.0821977628488093,0.3200246704742313
0.002412494211759838,176697.84190300852,0.582425815667957,0.031578351072967,0.0242264053411781,0.3617694279178977
0.0024753754289474367,115730.41090930346,0.6667417261749506,0.0494720628857612,0.052269196473062,0.2315170144662261
0.002388811366409955,140128.8412769325,0.6535961171146483,0.0250447927787899,0.0611063873115927,0.2602527027949691
0.0029668693284757427,147087.80108867213,0.5991203621402382,0.0827939862944185,0.0375211876817047,0.2805644638836384
0.0025419862848441244,186670.4413048108,0.4543056922219693,0.0738239692896604,0.0757966702245175,0.3960736682638526
0.0027756877574909937,211765.0345025235,0.5276676273066551,0.0406411193124949,0.0521318523306399,0.37955940105021
0.0024022525265374388,129938.3169641602,0.5737801389116793,0.0271415232308208,0.0796329055074602,0.3194454323500395
0.003269771497004828,228503.57314628785,0.6397686443850398,0.0514835713431239,0.058983346670866,0.2497644376009702
0.00265882485824448,155120.23792552063,0.6298167931567877,0.0287274890020489,0.0389918303955346,0.3024638874456287
0.003189590320811584,193505.71016395697,0.4991684810072183,0.075909955650568,0.0642980656400322,0.3606234977021814
0.0023606634899323246,150392.86043923348,0.6226238128077238,0.0487221722304821,0.0569975451473146,0.2716564698144794
0.0026788885331735152,222606.7901887698,0.5349503715895116,0.0634007687121629,0.0458431193791329,0.3558057403191924
0.0032274311975429315,130340.43698200256,0.621461476534605,0.0704304173775017,0.0636726029403507,0.2444355031475424
0.0026849735811961396,236481.86974787383,0.5389977218583226,0.0489155642502009,0.0198069278337061,0.3922797860577702
0.0027722625695602928,124485.52291849628,0.6816401134803891,0.0692369233816862,0.0410319921001792,0.2080909710377455
0.002852533668190262,197972.443274979,0.5149696864187717,0.0694114764034748,0.0213113111630082,0.3943075260147453
0.0022275818252498877,235662.25546676436,0.669053664887324,0.0397481515817344,0.0736390459630638,0.2175591375678778
0.002342260937485145,111892.52525899792,0.5242834252677857,0.0770943297445774,0.0438000530190765,0.3548221919685602
0.003037733400980373,161527.1704043378,0.5410612012539059,0.0605951606482267,0.0298507157247513,0.368492922373116
0.003338772197415954,182508.96568108583,0.5081680024042725,0.069107488580048,0.0514388229325413,0.371285686083138
0.002766783882894837,224794.61450205417,0.6291594484541565,0.0323073248006403,0.0614129828009754,0.2771202439442277
0.00258179499815592,199322.64128885,0.5170155088230968,0.0620168507844209,0.0835107341781258,0.3374569062143564
0.00301411522341495,207144.3354307674,0.6824428411293775,0.034475581664592,0.035201788553968,0.2478797886520624
0.002750018365693463,148270.35267638275,0.4891053420770913,0.0602912009879946,0.059869849262759,0.3907336076721549
0.0025173634114162517,181448.1307150796,0.6357788236998021,0.0349780188128352,0.0526717717386782,0.2765713857486844
0.0027633766104417376,150567.24079451524,0.5659107014536857,0.0777776827290654,0.0459723152965307,0.3103393005207181
0.003307601074379614,150182.72612357978,0.4679804418049753,0.0657261323928833,0.0696285511739552,0.3966648746281862
0.0027509816793013946,182082.72394862724,0.5536439383216202,0.0814529109001159,0.0291663660667836,0.3357367847114801
0.00260214466707577,223107.38470160868,0.6527552354056388,0.0680935534462332,0.0154510062467306,0.2637002049013972
0.0027091839560837035,196798.76966499723,0.5624675335083157,0.0769069464318454,0.0766091604623943,0.2840163595974445
0.002768507979457278,205119.5567638264,0.7066453782469034,0.0736932815052568,0.0163718131743371,0.2032895270735025
0.0033507042897922778,251716.2779642385,0.5881406994163989,0.0778816973417997,0.0618153509497642,0.272162252292037
0.0032852460439469614,173279.00260502938,0.5709532211907208,0.0392055264487862,0.070823335070163,0.3190179172903299
0.0026416194387761365,175114.5690885256,0.6885320989135653,0.0364777629636228,0.0416510357428342,0.2333391023799777
0.002403523799871077,222483.45027866308,0.6950681338179856,0.0343295549973845,0.0565948864351958,0.214007424749434
0.0033224355478056614,178230.3218421992,0.6327788001671433,0.0416289542615413,0.0726460738480091,0.2529461717233062
0.002948831229524854,107795.22458987776,0.5679868739750236,0.0309531012177467,0.0697378653753549,0.3313221594318747
0.0023901198910838977,213814.24898217665,0.5354424191545695,0.035984200630337,0.0753948567342013,0.3531785234808922
0.0022820644961149437,207490.86617224384,0.5779833721369505,0.0776399631984531,0.0214930708147585,0.3228835938498378
0.0023363342964650338,191636.0789705068,0.5488940743170678,0.065598539430648,0.0290530544519424,0.3564543318003416
0.0024684040190955546,146085.5578031391,0.7125532411970198,0.0275528459064662,0.0546314284950494,0.2052624844014644
0.0026398909117448604,121962.79076723148,0.5210019985679537,0.0841128390841186,0.0338480302039533,0.3610371321439743
0.00250863289727306,122912.96058014268,0.641756332013756,0.0720378113724291,0.0740939921885728,0.2121118644252419
0.0026954992418352385,240590.41793150827,0.6174678153917194,0.0617458895035088,0.0341476591490209,0.2866386359557509
0.002590421151977928,225403.12938377028,0.6249803764373064,0.0700893080607056,0.0732373611629009,0.231692954339087
0.002254747469878472,250490.8350712736,0.6757067965902388,0.0319900261238217,0.0438745900429785,0.2484285872429609
0.0030414157321422062,203011.6699205479,0.6722510152868926,0.0276548513770103,0.0822782018221914,0.2178159315139055
0.002324518809834907,116149.64028499088,0.6601838870160281,0.0335606579855084,0.0321599107794463,0.274095544219017
0.0032389949365543924,223024.85999185592,0.5107093922793865,0.0810699863359332,0.0692109221592545,0.3390096992254257
0.002477112572818887,214397.10647994647,0.6406048155389725,0.0772173364087939,0.0639833415485918,0.2181945065036416
0.0029527497502079537,130903.86526897782,0.6347261615842581,0.044165517706424,0.026955159176141,0.2941531615331769
0.002627438274440578,165462.07768670283,0.5477312652952968,0.0796136908978223,0.0524772031791508,0.3201778406277299
0.0030291718332357198,168821.99294624152,0.6619953962787986,0.0312412713840603,0.0643555691465735,0.2424077631905675
0.0022228394822825263,119373.13406446484,0.5873127174470574,0.0287515304237604,0.059351293919608,0.3245844582095742
0.0024810610661454495,108795.00151884276,0.5458520821202546,0.078690462373197,0.0178751600068062,0.3575822954997421
0.003177085593222497,220297.77694990623,0.4910161882080137,0.0689978152327239,0.0622941982746124,0.3776917982846499
0.0032172673737852595,218749.76366377668,0.6828802528977393,0.0301498540490865,0.0548739746212959,0.2320959184318781
0.0029635461409872597,160077.69191324478,0.6665008368156851,0.0370224640145897,0.0289503069035708,0.2675263922661543
0.003042664131858963,109318.88798377477,0.6266429816931486,0.0695189298316836,0.0711616338416934,0.2326764546334743
0.0032731249592688164,184530.29592179228,0.5323211273364723,0.079538979139179,0.0806131808459758,0.3075267126783729
0.002608000592342572,185497.14817958884,0.6250792241375893,0.0663286120258271,0.0259578005131334,0.2826343633234501
0.0023563789560814355,194252.92249837657,0.5559177047386765,0.0835299713164568,0.0395614493265748,0.3209908746182919
0.002318374770526412,197868.52507354924,0.6405099416803568,0.0384514479711651,0.0849388000089675,0.2360998103395104
0.0025802655757604007,217790.56583078345,0.560970465214923,0.0430759642273187,0.0385720067378133,0.3573815638199449
0.00307975871850097,206735.29690339928,0.5664501609839498,0.0598263794183731,0.0545292150042951,0.3191942445933819
0.003269031817728669,167835.71671497775,0.6704048544354737,0.0714926314353942,0.0575767475180327,0.2005257666110992
0.003194408964518913,170023.54074516334,0.583736083926633,0.0537440937943756,0.0332568179909139,0.3292630042880773
0.002290988916524785,106668.56406183216,0.5125800377782433,0.0328566531650722,0.0832358591165393,0.371327449940145
0.0032528734363888503,161178.6319263163,0.5594017803575844,0.0426074921712279,0.0219663948286324,0.3760243326425552
0.0023634856753836655,164003.1192083261,0.6072286313399672,0.0356837062723934,0.0483600781671702,0.308727584220469
0.00252520536515919,245610.1426098961,0.5070444370992482,0.052893720716238,0.060855973418802,0.3792058687657118
0.002443172964806451,170666.9082007371,0.6439319322537631,0.0303374091349542,0.0220581415202468,0.3036725170910359
0.0031820528386087414,105045.18067985772,0.6944643491599709,0.0341900590620935,0.0447216511238366,0.226623940654099
0.002274133386561837,199889.86437341664,0.5959862620849161,0.0507580511830747,0.0558632083330303,0.2973924783989787
0.0024586630156352924,198435.97676038044,0.606068696109578,0.0647187061980366,0.0430261397082358,0.2861864579841495
0.0023226285061700475,141055.0505999825,0.5027404427528381,0.0692479008249938,0.0461537223868072,0.3818579340353608
0.002466977769997274,126410.53743395025,0.61721763077192,0.0761046333424747,0.0314846848230808,0.2751930510625243
0.0026105421365949094,241964.3019709736,0.689119490776211,0.0476706234179437,0.0512758477404713,0.2119340380653739
0.002490634451500676,146624.22910183668,0.508219699813053,0.0781117654405534,0.0246289989259094,0.3890395358204842
0.002333779140076976,198196.4805716998,0.6296618824172765,0.0788146203756332,0.072134796930477,0.2193887002766132
0.0026091698364222767,127424.7691035038,0.6851847808156162,0.0266301851160824,0.0203287248779088,0.2678563091903925
0.0027675279654931846,164125.58943898184,0.6069449091237038,0.0647382688336074,0.0551470431964844,0.2731697788462043
0.00283822178168893,241466.6661234805,0.523748461967334,0.064447676744312,0.0748721248935908,0.336931736394763
0.0023265631529997732,173674.3061704561,0.6186573333200067,0.0822836490347981,0.0550510042253881,0.2440080134198069
0.0025926781270709533,177302.97290501185,0.5647925638966262,0.0578149391338229,0.0653193539567291,0.3120731430128217
0.0023495494537748044,239934.83377274824,0.6655684797465801,0.0634774393215775,0.0477162976562976,0.2232377832755446
0.0022433103495724527,171655.574210349,0.6461740515381098,0.0386342930421233,0.0393631434068083,0.2758285120129585
0.0027444154985252754,226051.3603348285,0.679718845449388,0.0495083475299179,0.0491459622047841,0.2216268448159098
0.002373697359027786,105282.64138831291,0.5882482044026256,0.0811921032331884,0.0289258195273578,0.3016338728368282
0.003313143182554023,163953.50982748205,0.6625768955890089,0.0787600264139473,0.0249453995097428,0.2337176784873008
0.0032651933975877748,111497.2936006612,0.6597959279548377,0.030319078862667,0.0300528686586767,0.2798321245238185
0.002835947007301635,145398.788473662,0.5782840601075441,0.0322492766566574,0.0766880294028669,0.3127786338329315
0.0023539111987873444,102220.88505572174,0.63120993998833,0.0268096241168677,0.0503195116389542,0.2916609242558479
0.0026892958751993166,229901.61046588328,0.6527684174757451,0.0359365770593285,0.0811756454128772,0.2301193600520491
0.002330020859791592,221981.9487173343,0.5191224924102426,0.0736822861805558,0.0269892636314034,0.3802059577777982
0.002357024345759425,136180.76990131522,0.5849664400704205,0.0435404138639569,0.0419985129125416,0.3294946331530809
0.002227146454742291,141968.31339119235,0.6308724913280457,0.056946122739464,0.0798350404482334,0.2323463454842567
0.0028869102766677897,223780.48135087595,0.6114399302285165,0.0708962722681462,0.0517865573521703,0.2658772401511669
0.002669043551789648,147806.77163038636,0.5938639181666077,0.0556089430302381,0.0733643710426986,0.2771627677604556
0.002848177418617668,157677.5152053684,0.6094081280380487,0.0595853508077561,0.0421618135459721,0.288844707608223
0.0022771353791853684,239511.48644221248,0.6735921415500343,0.0533199076354503,0.0392167408205568,0.2338712099939585
0.0033456623443298586,219157.0628322428,0.5905241956841201,0.0646125175990164,0.0348607816826552,0.3100025050342083
0.0025995248396740397,203578.45236186404,0.6454749340191483,0.0491865396127104,0.0623380786180496,0.2430004477500915
0.0024123072496197674,230019.44353852887,0.5251184348016977,0.0650049579143524,0.0223335464671254,0.3875430608168244
0.0023339043751680693,104354.11320315908,0.6449648782890289,0.0445068542286753,0.0794253594521433,0.2311029080301523
0.0030328361224573647,192322.87774225697,0.6245884644333273,0.0684053005091846,0.0330627136025577,0.2739435214549303
0.0024081837252800777,236660.88726116577,0.6133715386223049,0.0779866668768227,0.083160728579387,0.2254810659214854
0.002396231728600415,220387.24607272304,0.6139343078341335,0.0520230661146342,0.0813531052228063,0.2526895208284259
0.0028535695785400724,161801.45546965068,0.5475039806123823,0.0763756534084677,0.0502075472939759,0.3259128186851739
0.002858981402578599,251092.6300372579,0.6974746053665877,0.0516483118385076,0.0288232219219207,0.2220538608729839
0.0023238404080336526,214592.61138306465,0.6477961583435535,0.0592551428824663,0.0165535704791545,0.2763951282948256
0.00334024318630695,148620.00769599108,0.6016467485111207,0.0762108469754457,0.0200816022325307,0.3020608022809029
0.002595678082809205,236091.9215620612,0.6309989373665302,0.0517191350646317,0.0415217394288629,0.2757601881399751
0.003077452717677684,241213.84617383592,0.659474581964314,0.0280136484093964,0.0761805449984967,0.2363312246277928
0.0023667265443859174,124683.36650063284,0.5239058697130531,0.0382780997082591,0.0652799331117421,0.3725360974669456
0.0022528030545047664,192818.9204513677,0.5865161421429366,0.0731031538918614,0.0689016797859221,0.2714790241792798
0.0028760513593086793,212763.92957879,0.5117003918346017,0.0620928122289478,0.0612092683743685,0.3649975275620818
0.002304913942697122,121791.87299312324,0.5080315768998116,0.0664500227756798,0.0812786433007568,0.3442397570237517
0.0027768702844577484,118072.62399134925,0.4802801304217428,0.0822140529192984,0.0665814235713332,0.3709243930876255
0.0022643277492973395,117351.04398663389,0.5282377313356846,0.0410579621978104,0.0698296120669692,0.3608746943995357
0.0027027503009410666,218550.92498942977,0.6536793490312993,0.0458790665492415,0.025765276197344,0.2746763082221151
0.002627999681893561,186901.63845276693,0.630705003645271,0.0718548269383609,0.0842632860317826,0.2131768833845854
0.0027460413902159397,207713.3090566378,0.5619942140299827,0.0682404956407845,0.071970134684816,0.2977951556444168
0.0031305876600875022,121007.7467010822,0.5337590679246933,0.0711326624453067,0.0470748801808804,0.3480333894491195
0.0022403504603167933,147192.5889695529,0.5433782573323697,0.0518504009209573,0.0660117030050605,0.3387596387416124
0.0027481577549878502,239738.42267043656,0.5500697415601462,0.0325458988547325,0.0586042413208633,0.3587801182642579
0.0027027827260491786,160257.94628510484,0.620684671625495,0.0811811329424381,0.0227087391540408,0.2754254562780261
0.002709356729918224,105480.50195637625,0.6089657195936888,0.0502772503532469,0.0746773654501885,0.2660796646028757
0.0028112862723946694,111774.96509357588,0.690373192699626,0.0461792229488492,0.0504112625028938,0.2130363218486309
0.002904295620654205,209192.1715024626,0.5586879872344435,0.0580404963158071,0.0359633417427539,0.3473081747069955
0.0032322428357151297,248442.1949990443,0.6342105434369296,0.0642806019447743,0.0253459884878247,0.2761628661304712
0.0025018188479649824,149820.22393980296,0.5507342228107155,0.0599512745253741,0.0823806656524539,0.3069338370114565
0.0022609436599183665,201123.9229530911,0.684300317056477,0.0548504232056439,0.045938327666372,0.214910932071507
0.002544310714527467,243156.093902851,0.6061497255321592,0.0251751341670751,0.0464270621631294,0.3222480781376362
0.002692270037445705,172323.24824404204,0.5922705178428441,0.0481541971489787,0.0584750534873455,0.3011002315208316
0.0032218843648538884,154051.75079950131,0.5295328869018703,0.080308616887778,0.0350070176366716,0.3551514785736799
0.0028283178343238933,214823.5970562324,0.5580391810555011,0.0725204693526029,0.068125454550609,0.3013148950412869
0.0024349893871538626,143350.14670284,0.5138354894518852,0.0635878474265337,0.0625323081761598,0.3600443549454212
0.002716338753054205,156494.70175128663,0.4851828124467283,0.0820899813622236,0.0557606107275933,0.3769665954634547
0.002924807716840522,117157.8386949026,0.6846014254912733,0.0701411564461887,0.0238433733768761,0.2214140446856618
0.0032828180179899176,180327.82971801932,0.6917003759555518,0.0293226372636854,0.065421550758183,0.2135554360225796
0.0025553866935618436,116922.7005288354,0.5771382167283445,0.0269766881875693,0.0494626440946012,0.3464224509894847
0.0026950138429077844,114797.4409042974,0.5233106483146548,0.0667526764795184,0.0287486953288316,0.3811879798769951
0.003149087516285139,215849.19202770104,0.6045347382873296,0.0619179542176425,0.0730556038580834,0.2604917036369443
0.0022360851675263835,154515.2752257418,0.6217430093698204,0.0849867460317909,0.0303821241110563,0.2628881204873323
0.0030695005852399,217983.7699901196,0.6357299397699535,0.0721152987703681,0.0671995210088789,0.2249552404507994
0.0032919707027573263,187875.43908701045,0.5186115767341107,0.0622795343212783,0.0310405987035483,0.3880682902410626
0.0027516503581815717,128761.11495253864,0.6265668081864715,0.0415206025168299,0.0173595453053712,0.3145530439913273
0.0029996050319316295,155225.33381787362,0.6079336430132389,0.0578114302456378,0.0673458651825785,0.2669090615585446
0.0025285510287581243,220179.05607948775,0.6843110815901309,0.0399129294045269,0.0336325092706829,0.2421434797346592
0.002285427420870118,231202.16668409997,0.570300727719441,0.0725094741396606,0.0796908909175545,0.2774989072233438
0.0022681400893322145,182054.3850530405,0.6849045084230602,0.0687121463939547,0.0195085773803293,0.2268747678026557
0.0029287985815309313,232977.54877338884,0.6184097328688949,0.0641011830605566,0.0651778528746217,0.2523112311959267
0.0024418858640832264,114347.05636636354,0.4872403520531951,0.0714450437389314,0.0646048280224204,0.376709776185453
0.0024531670886950734,251593.80660118768,0.6091014007013291,0.0488415614888072,0.0335678194556385,0.3084892183542251
0.00252247374983471,132240.33766316716,0.5950566842127591,0.0290554594621062,0.0282331115286797,0.3476547447964549
0.0025165684935526044,120780.26692320128,0.6017929323762655,0.0616100394725799,0.0638540118560195,0.272743016295135
0.0030674247984462805,134788.12929375563,0.5322638467140495,0.0793559797294438,0.0704136214777827,0.3179665520787239
0.0024473047367332564,148812.05341512104,0.6037136135995387,0.0471249597892165,0.0834362002834677,0.2657252263277769
0.0022317905182427955,149200.63451692695,0.5715478391014039,0.0262193928472697,0.0455778394266963,0.35665492862463
0.0023644299104566505,204941.6988231358,0.5125679261889309,0.0427792612276971,0.0800334777962416,0.3646193347871304
0.002529754832686494,162600.40368139744,0.6075726733263582,0.0521323505975306,0.0261696498002856,0.3141253262758255
0.0028107383220769703,210365.4097065213,0.6160824796836823,0.0805433226376771,0.0661145843286067,0.2372596133500337
0.003017682950325393,170881.2346431194,0.6021500492654741,0.0433133851550519,0.0757628325372934,0.2787737330421805
0.002398883255508361,110597.94709616108,0.7062872433289885,0.0299242853559553,0.0427530716545879,0.2210353996604681
0.0027580751521767304,194426.41392349036,0.6224918967392296,0.0544469487294554,0.063399801524356,0.259661353006959
0.002909685760479547,105651.1541838292,0.5731653776112944,0.0679254311881959,0.0820030639041215,0.2769061272963882
0.002881781377041814,177625.80912793055,0.6861797414347529,0.0753619964420795,0.0356205414235591,0.2028377206996083
0.0027253333306177276,125737.58827914717,0.5883665041346102,0.0657855494692921,0.066243830313906,0.2796041160821915
0.002624926593404924,109125.95446687192,0.536647591246292,0.038574719056487,0.0253118840325623,0.3994658056646585
0.002770319483543417,106603.24269871926,0.6682552742399275,0.0534502735547721,0.0320681586116552,0.2462262935936451
0.0027998779771828733,104477.76225713314,0.5201586964726448,0.0754227339476347,0.015904406234622,0.3885141633450985
0.0023593447592602243,246535.45804854948,0.5872111987043171,0.0745920183882117,0.0595624818932265,0.2786343010142446
0.002867385765364924,129528.11249446822,0.584627863932401,0.0612142444401979,0.025822793263942,0.3283350983634591
0.002822170935558694,153492.3627567594,0.5386477035284043,0.0496844987012446,0.0294316951744258,0.3822361025959253
0.0027729558977714853,234365.35914957055,0.5883039036672562,0.0763137102499604,0.0699326269049197,0.2654497591778636
0.002616421807884859,248684.0308575891,0.5160820064600556,0.0807263913936913,0.016749364985153,0.3864422371610999
0.002698248055637974,184272.8671240155,0.6713986442703753,0.0428489464707672,0.0791893544886261,0.2065630547702312
0.0025538283485174312,174576.04273640318,0.4782795951515435,0.0757427108101546,0.0726115521602332,0.3733661418780685
0.0023491773996250705,113989.37266536524,0.6102457604557275,0.0575258191861212,0.0160644468478858,0.3161639735102654
0.002420226689102653,198698.0093105114,0.5424422474578023,0.0282553861290216,0.0421278256550431,0.3871745407581329
0.0028948783568101765,144992.06909149652,0.6646404046751558,0.0629873234033584,0.0305635270290076,0.241808744892478
0.0031675377118223704,132362.53611899447,0.5825515498779714,0.0599988693743944,0.0742582990042865,0.2831912817433477
0.0032745444089895153,145966.5662902873,0.5309418266732245,0.058513675648719,0.0478493040148168,0.3626951936632395
0.0025359883605059405,193401.77497660043,0.6916671012621373,0.0468394576385617,0.0403187638241797,0.2211746772751212
0.0025718642158327836,215731.35895505548,0.6156281151529401,0.0310040199942886,0.031546403421089,0.3218214614316821
0.0022782078766033324,129724.52472917504,0.6064796064142137,0.0321723597869277,0.0716773825790733,0.2896706512197852
0.002308717238450563,241645.95541160088,0.6407572837173938,0.0353920238651335,0.0287141736410558,0.2951365187764168
0.0027546910676451088,102417.58605118377,0.5721908012963831,0.0558506752736866,0.0439771873876452,0.3279813360422849
0.0027581086340571163,136280.9194917907,0.5845176835451276,0.0725805814564228,0.0528525389637798,0.2900491960346699
0.0025512129180668515,245409.87598530485,0.5171067361161112,0.0653089321032166,0.0523307836428284,0.3652535481378436
0.0023013472739812136,116350.62201709952,0.6154461951553821,0.0832366889715194,0.0199091246351599,0.2814079912379384
0.0023098167590627707,127034.47412168609,0.6719788859318941,0.0423658136837184,0.0603746129851788,0.2252806873992085
0.0025773068972458606,154267.66259504948,0.6485048362240196,0.0669796907715499,0.0540468673594296,0.2304686056450009
0.0026624032189420167,159312.84408189822,0.628636665455997,0.0417037305049598,0.0642638276703655,0.2653957763686776
0.002616959148549996,157142.84550792072,0.5580339398700744,0.0464208834432065,0.0316905365232378,0.3638546401634812
0.002568919978758398,156958.76293281326,0.5523101986385881,0.0792864085361361,0.0774753473512828,0.2909280454739928
0.0022922447465871477,150646.33208226878,0.5810795911122113,0.0685438961163163,0.0649394790735095,0.2854370336979628
0.0028571440026472755,194772.76008456247,0.5830421669874339,0.0628191196173429,0.0582595335971564,0.2958791797980666
0.002289907430606161,223675.3865909181,0.6107971790805459,0.041826743427664,0.0451750891841948,0.3022009883075953
0.0024995129618319953,130142.86517469444,0.532563152005896,0.0413619504682719,0.0398345215525478,0.3862403759732842
0.003336031636723538,128963.48613345764,0.527299045715481,0.0274759540706872,0.0670011535473168,0.3782238466665149
0.003223086183246579,252716.698518279,0.5119330445956438,0.0468797569908201,0.0462453171145171,0.3949418812990188
0.0032433798694535914,122720.89787508594,0.5591457400191575,0.0429666832648217,0.0283462186995893,0.3695413580164313
0.00313904431772896,112689.1214860836,0.487861137446016,0.0528217765502631,0.0678508469089865,0.3914662390947342
0.002796697800920557,202430.26825825215,0.6253653416596353,0.0613869047164917,0.0455434679426252,0.2677042856812477
0.002905922569630558,192937.6413217862,0.6193633466958999,0.042143038958311,0.027563360966742,0.3109302533790469
0.002803372926020015,191736.5184541326,0.6662539026234299,0.0346403454057872,0.0750779797229916,0.2240277722477913
0.002293353691828679,131139.39425291028,0.7189420038089156,0.0496442065015435,0.0221389893814921,0.2092748003080487
0.0022306020556865425,203740.3313581366,0.6909739308245479,0.0352819695323705,0.0225394534505903,0.251204646192491
0.0025567323891315615,238115.06250256207,0.7087887263391167,0.0340255687385797,0.0178129793237894,0.239372725598514
0.002712065658884686,162984.26043076906,0.6445766023732722,0.0688784762658178,0.0474096625298261,0.2391352588310837
0.002253640842913604,156574.33602249948,0.6948734019324183,0.0651840890198946,0.0376855046674609,0.2022570043802261
0.0023519188564566757,128865.03202157328,0.5998329058941454,0.0705615430325269,0.0763733234349638,0.2532322276383638
0.0025759810692432337,252785.9328727238,0.6887700051628053,0.0263442269898951,0.0646664777770638,0.2202192900702357
0.002985047300132254,177466.41234175768,0.5629643709398806,0.0611049485579133,0.0844236833788454,0.2915069971233606
0.002585668531880227,241314.3026433885,0.5190343203675002,0.0570526434294879,0.0301550821494311,0.3937579540535807
0.00316260981126098,232353.831770306,0.7325141202565282,0.0378385024704039,0.0276396585162729,0.2020077187567949
0.003291514614590803,134552.67957748147,0.5875243184063583,0.0347690919972956,0.0154852444771677,0.3622213451191783
0.0031800134267064455,216096.39359896537,0.5793987298943102,0.0403471987135708,0.0837405333295464,0.2965135380625725
0.002804651284373616,138414.3285393482,0.6346698589157314,0.0623833515681326,0.0764821756165474,0.2264646138995886
0.0024287626722697504,189811.4677020349,0.5996888167597354,0.0436517687886953,0.0655306097306311,0.2911288047209382
0.0024988631545023103,196054.0565266041,0.6854748815763742,0.0272675131820142,0.0298167280945926,0.2574408771470189
0.0022337229937131374,191398.4278781223,0.555506597654894,0.0483176946081221,0.0828181218821555,0.3133575858548283
0.0032582101928914117,198554.6783800819,0.5659480350464582,0.0356483505666255,0.054012612439692,0.3443910019472241
0.0024882921975598075,128283.84056012146,0.5905753211863338,0.0368246874772012,0.0542548873648047,0.3183451039716601
0.0032412615025688217,236163.46600254765,0.60376883527264,0.0350549428351223,0.0606913317739963,0.3004848901182413
0.0023984309034880188,202064.26923834952,0.6662797425501048,0.0633531738631427,0.0407210907712578,0.2296459928154945
0.0023619443604734696,131904.0828411933,0.6550002834387123,0.0676209463179111,0.0295415232889354,0.2478372469544411
0.0033277199068878463,212195.93434230192,0.6280628065671772,0.0283551941998302,0.0284732199739664,0.3151087792590261
0.002683488804737679,123111.14020053064,0.5861044777091593,0.0250630908645689,0.0517121621873229,0.3371202692389488
0.002238615375786223,159880.12010593666,0.5562000921089202,0.0679657018184662,0.0751122343819588,0.3007219716906548
0.0025187870584983,174257.25624152692,0.505991220716387,0.0260546076484024,0.0843208020552993,0.3836333695799112
0.0029576289487845708,195627.65427713748,0.5590464616008103,0.0319497590698301,0.0344886428117752,0.3745151365175843
0.00313175049854904,185712.9828307196,0.7001374732982367,0.0570416731387376,0.0220244376081973,0.2207964159548282
0.002503548816831444,108295.8915760042,0.6570228726044297,0.0281458381190896,0.0656598223373294,0.2491714669391513
0.0025906374883513487,171859.1802681447,0.6482498593442142,0.0528327503055334,0.0805102997832,0.2184070905670523
0.002789913255710224,244019.6068962221,0.5748009106516838,0.0257142853923142,0.0239179062284529,0.3755668977275491
0.0030913309924155345,235899.8577246093,0.5225241253897548,0.0826799042336642,0.0522345579601824,0.3425614124163985
0.0023818952702597505,112299.2457735585,0.6106049508694559,0.0481431983597576,0.0631617917586118,0.2780900590121746
0.0031446780932285648,157062.69925256493,0.6059630203340203,0.0483262690156698,0.0184621081035584,0.3272486025467515
0.0022928552996989066,246864.0012597665,0.653349104328081,0.0286115785688161,0.0537737947423011,0.2642655223608017
0.0027393056096740535,220583.640189108,0.5776418904960156,0.0829692223854363,0.0222416036762297,0.3171472834423184
0.002273820523409696,101447.83429568632,0.6080926570948213,0.0763939729519188,0.0626108843367546,0.2529024856165052
0.0028468443601492375,192751.2393183773,0.6041523126047105,0.0826257230527699,0.0818588807340711,0.2313630836084485
0.002452467110413222,155450.6393971271,0.5355646613705903,0.0744751638174057,0.0479581603687256,0.3420020144432783
0.003050433080785855,153213.45921795582,0.5907101027108729,0.0338463388942182,0.05062668453902,0.3248168738558888
0.002593818311772151,211116.86668249316,0.5241112994495779,0.0799137270450592,0.0280747360642999,0.3679002374410629
0.0023409512768187415,168358.5024918546,0.5769104503747076,0.0284381704032421,0.069117205934599,0.3255341732874512
0.0022790016280813926,183195.1303115697,0.5929871973302214,0.0644293750822544,0.0817626519221812,0.2608207756653428
0.0030630906676138957,252889.57929932512,0.5420423279050737,0.0553863400779664,0.0405506992060691,0.3620206328108907
0.0026059516638111658,247468.530252215,0.5374052309058607,0.0848811030946672,0.0768501263856887,0.3008635396137833
0.002369226141478575,211939.7047509556,0.6429580166377127,0.0715582004375755,0.0453788043931126,0.240104978531599
0.002440791898889061,212299.8525437317,0.6135374146699906,0.0574110191874206,0.0744944395683705,0.2545571265742183
0.0024102438228811225,211681.40924626496,0.5638229180965573,0.0536812588572502,0.0648773661907762,0.3176184568554163
0.002647703157195592,124095.65626513211,0.5853362681623548,0.0645404941961169,0.027674180464819,0.3224490571767092
0.002311763540087157,229227.39444404145,0.546707481732592,0.0486621209233999,0.072336944648996,0.3322934526950121
0.003070066968797637,159688.68163368898,0.667835562825203,0.0549187366664409,0.0515138230845332,0.2257318774238229
0.002674002600889805,248229.4578732108,0.6457785789761692,0.0801846904493868,0.0552933792863041,0.2187433512881398
0.002734528128430117,173889.8509284365,0.6086137445177883,0.0729396064765751,0.0598048965912312,0.2586417524144053
0.002829638183071797,172716.1235296866,0.5272368338145316,0.0654441190138459,0.038412060458213,0.3689069867134094
0.002319286852716522,161605.04323494388,0.6157578447088599,0.0473043791204691,0.0434547580406069,0.293483018130064
0.0023110923562778296,168633.2342870417,0.5290633588377386,0.074295761026442,0.0792232086043805,0.3174176715314388
0.0026338438055500857,173056.1333738733,0.6393393729533999,0.0485501079633832,0.0182134600821882,0.2938970590010286
0.002918887591273292,201247.55388874328,0.5046457245480269,0.0838914209417998,0.0571000256668776,0.3543628288432956
0.002265304316503692,213418.9108786988,0.4467401243094354,0.0817506464384496,0.0816962305922061,0.3898129986599088
0.003117413858525829,245532.07557352725,0.7185100419726222,0.0362258806824684,0.0413400008995085,0.2039240764454007
0.003219360610260822,103023.63415168364,0.6433149655815213,0.0521213767305016,0.0166467509511858,0.2879169067367911
0.002530614751894244,215923.17394868005,0.5731604446191341,0.0712620770744979,0.0203905039746314,0.3351869743317366
0.0024378265582312396,176129.40885425778,0.6611832008790225,0.0803195841051638,0.0363996859174221,0.2220975290983915
0.0022570153716940304,162014.66268100776,0.4936991321947426,0.0783937598206102,0.0635022653546184,0.3644048426300287
0.0025118033035510866,229861.2804968376,0.5537562835030257,0.0789910103753209,0.0621295412443578,0.3051231648772955
0.0023757514346753154,162806.12958285492,0.5233199465740472,0.039808893110603,0.0582936383131891,0.3785775220021605
0.003355059779071364,194191.647183022,0.7003915696684271,0.0365570809692144,0.0170642795693129,0.2459870697930455
0.0030933307277487766,142057.85328870406,0.5884767303429543,0.0401689844764769,0.0640178465470671,0.3073364386335016
0.002900059396447365,169441.01234972477,0.4660155852604657,0.0800120261497795,0.0750161995831877,0.378956189006567
0.0029587882738337295,154614.55400437117,0.5684682797733693,0.0540407292358577,0.072032316410914,0.3054586745798588
0.002433904561392555,224281.10304119764,0.489513380639255,0.0755890091694891,0.0827811714448034,0.3521164387464524
0.002602932715401737,164961.67228384875,0.6571755273919553,0.025348714441061,0.0310749704483896,0.2864007877185941
0.0028797379826588634,124303.25797910336,0.6593487530387938,0.0475604235753417,0.0456318604759872,0.2474589629098773
0.0024702850950125933,140696.18920806097,0.5255385381914675,0.081284791547805,0.0695196914300322,0.3236569788306951
0.0025041610018561576,204363.98494709283,0.678883632067591,0.0690161418169736,0.0505925800837576,0.2015076460316777
0.002788414276981182,173482.5514768716,0.5135114254429937,0.0513531993329525,0.0485415027290582,0.3865938724949956
0.003301014127749687,166568.51406258065,0.6016504866536707,0.0666916871815919,0.0365768153313547,0.2950810108333826
0.0023378278538642968,138241.12700738478,0.5580812692269683,0.0314683549664914,0.0171994872204959,0.3932508885860443
0.002317204621477931,104100.09008370108,0.6591141526121647,0.0586967427283525,0.0687746198382228,0.21341448482126
0.003107977184391666,149000.21105561173,0.6165578820835799,0.0732289320044219,0.0285483515542,0.2816648343577981
0.003075545810073528,127771.54982120264,0.6221642326470465,0.0499805646203458,0.0347989963274449,0.2930562064051628
0.002259546712455463,109731.51620366843,0.6579430096410215,0.0723417831026017,0.0353142108768224,0.2344009963795542
0.0025159685322029357,238953.0487620737,0.6875209157075732,0.0837083340808749,0.0252497596759349,0.2035209905356169
0.0032345509933228967,108395.1703546336,0.5238715598639101,0.0572170835733413,0.0373100391495972,0.3816013174131513
0.0023321258042359595,202325.46225904956,0.6155033157486469,0.0323475990071892,0.0520185261126607,0.3001305591315031
0.002630516750638601,244408.8756449637,0.6397138399537652,0.0303965453617274,0.0374125029798597,0.2924771117046476
0.0025597857252119254,121182.10780564696,0.6173623927496373,0.0401873074844479,0.0580995711497962,0.2843507286161184
0.0030953949835961043,123736.0530128586,0.5300018551852554,0.0588297196663916,0.0237442135717719,0.387424211576581
0.002485223579644667,114608.24967016232,0.6454787385556846,0.0537843608483672,0.0445573255326598,0.2561795750632882
0.002236387907453188,253106.6716167843,0.6549296005442737,0.0421833061240613,0.015870285090059,0.2870168082416058
0.0030581141290221482,237586.4334253245,0.68552348238416,0.0321205255948007,0.0313837376330047,0.2509722543880344
0.0030308956191378296,248788.83685679172,0.6260444248467684,0.0498123143427074,0.0802742979489267,0.2438689628615975
0.00305618341816702,116539.59752996452,0.5704382462520152,0.0363788698613643,0.0367848207335919,0.3563980631530285
0.0025674078542844117,169205.6573299924,0.661600409373641,0.0330300377495586,0.0514049855060875,0.2539645673707127
0.0027012414905188274,102752.99313386204,0.6921674606297166,0.0398491923511028,0.063270638724789,0.2047127082943916
0.002961531155331208,103590.86049188628,0.6247465222980827,0.0783534890785813,0.058679307186976,0.2382206814363598
0.002250745959713669,113075.5108371377,0.6054483410250395,0.0695916200987994,0.0585021777730435,0.2664578611031175
0.002359178733708054,155688.81294830935,0.5136252513807267,0.0624895401671528,0.0713342449534684,0.352550963498652
0.002418325808074248,147020.19738319796,0.5723365835938603,0.0658844461478292,0.0559420105163008,0.3058369597420096
0.0030844989774722223,171735.55046488764,0.5502736815530807,0.0819178361818194,0.0169898771028965,0.3508186051622033
0.002870304432751219,171131.00335411727,0.71638523388654,0.025658808145672,0.0436361849494278,0.2143197730183601
0.0031721777009401033,245788.2723254152,0.6407837362680584,0.0819777162745595,0.0367060195934027,0.2405325278639793
0.0031271132848839133,139330.74165377766,0.5238092627748847,0.0297412125766277,0.0745966530591249,0.3718528715893626
0.0023416744645192384,210558.6331165745,0.5182424139976501,0.0495852392539382,0.0374865322187542,0.3946858145296574
0.002455471624831641,194086.55242306413,0.4673822006769478,0.0675013811513781,0.0804527858458459,0.3846636323258281
0.0030389517231451816,197769.99678978464,0.5480915736220777,0.0816177463904023,0.0591870663128793,0.3111036136746407
0.002735971742482487,152290.85940434597,0.6089203652832657,0.0271891145035624,0.0681876341905445,0.2957028860226274
0.0029671569131675,240930.37738411225,0.6474282759986818,0.040050542037934,0.0437655310705304,0.2687556508928537
0.002235263425520826,195435.88146523107,0.668229434164241,0.0610344727896154,0.0630136014614254,0.2077224915847182
0.0023195095796357474,217523.8700775546,0.6256260026432574,0.0797366948798298,0.03783182406798,0.2568054784089327
0.0024865849646650206,172261.6111284471,0.6413157194852829,0.064902068041265,0.0676720502600073,0.2261101622134447
0.0024268345944096536,153649.41392799374,0.665208104737103,0.0332168510369956,0.0214136584289371,0.2801613857969642
0.0031354161640280093,243236.48914358343,0.5928254558332264,0.0457069877535104,0.0645018301345408,0.2969657262787223
0.003296798453467921,108895.43987007346,0.6509819979034364,0.0477471385151147,0.0768840975873172,0.2243867659941315
0.0023712456407441926,231615.88469274572,0.6342218580376358,0.0302244287915527,0.0684922645147889,0.2670614486560225
0.002309892067379162,185328.40460410807,0.6329641240183264,0.0842322024144232,0.0583728399965912,0.2244308335706591
0.0028094358521578737,168258.3529013791,0.622803940065205,0.0575074996426701,0.0273649882897734,0.2923235720023513
0.002778424768126112,231423.8401060109,0.6112206411734222,0.0592954458110034,0.02688022473827,0.3026036882773042
0.00236314755611913,224597.06081306795,0.5649439033679664,0.0613759095035493,0.0328923258185386,0.3407878613099456
0.002467402515629238,184704.6751446789,0.6582542327139527,0.0504687350429594,0.0169552219007164,0.2743218103423714
0.002989371203420246,107221.4970277506,0.5630597038753331,0.0797125553898513,0.0608903615921735,0.296337379142642
0.0029278866368438804,174683.62904872047,0.6192306298483163,0.0288577405922114,0.0535355554986745,0.2983760740607977
0.002942011019534135,179222.25141454255,0.565125395571813,0.0498683254607021,0.0549481395911425,0.3300581393763423
0.0032020001484066546,243038.55185575085,0.6281605374440551,0.0560903592035174,0.0571740554273128,0.2585750479251146
0.0028626273383661133,159074.95079850778,0.4718073333147913,0.0586784232966601,0.0791100860480219,0.3904041573405266
0.002679318642840217,164534.62909874506,0.5401920981705188,0.0300304954126477,0.0356827982515096,0.3940946081653237
0.0033305180805313847,114224.874896463,0.6776803439576179,0.0405162505246698,0.0406295024324208,0.2411739030852914
0.0022563645511492164,197013.63059787545,0.6087771851941943,0.0563174307160079,0.0255868216790258,0.3093185624107719
0.00320364073697202,114411.85668617254,0.5503654843010009,0.0847157830744981,0.0513095686025917,0.3136091640219092
0.002343777262225251,146371.4391606627,0.6453751561045646,0.0414143853075802,0.0255251687951385,0.2876852897927165
0.002968973273059479,127560.0283215288,0.6800250843632967,0.034017892871052,0.0846982868481427,0.2012587359175086
0.0023550814335517216,158706.5920087276,0.6815890333428979,0.0754703610949218,0.0274610306508839,0.2154795749112963
0.0022342653647604467,134988.62466216087,0.6652662803884596,0.0360431111045181,0.0557339871209114,0.2429566213861108
0.0026732458860788204,171079.07822525594,0.5582636434677988,0.0723974379338324,0.0300107657257467,0.339328152872622
0.002258399232652383,167253.86294393102,0.6327340423222632,0.0308761773072183,0.0781509909313172,0.2582387894392013
0.003308258756212772,246474.10969370976,0.530866387784481,0.0314183376356959,0.0840847981348633,0.3536304764449596
0.0031008671202029992,165136.0333884135,0.5274718151241541,0.0562646802142262,0.0724515115469694,0.3438119931146502
0.0026773384792289855,130055.86014365545,0.6644228071905672,0.0581005507521331,0.0162446697801351,0.2612319722771645
0.0028938672691627997,189384.9839201197,0.5066233540419489,0.0464736483618617,0.0701384793873876,0.3767645182088017
0.002641005950303245,231034.5645628986,0.686926614670083,0.0564881983585655,0.0396356106456369,0.2169495763257146
0.0024510336651181897,200496.1877874797,0.6494813238549977,0.0845214774273336,0.0184960793051868,0.2475011194124818
0.00293559817714092,119255.30212421436,0.6470394195057452,0.0597095527872443,0.0354742556624114,0.2577767720445991
0.0029552981250385362,191498.5955869197,0.6452218678034842,0.0792327441833913,0.0196047988906502,0.2559405891224742
0.0024009555280989276,149463.7536001741,0.4924744076654315,0.0760467042215168,0.0327460066787898,0.3987328814342618
0.002241527005845287,127682.22677735612,0.5478016432560979,0.0630569124780595,0.0210753082856535,0.3680661359801889
0.003018928835160218,185378.15553434196,0.545602869130671,0.0372574237920343,0.0677065722085535,0.349433134868741
0.002597333000062815,142176.57302672742,0.613951054746285,0.0710850675962865,0.0400382860470563,0.2749255916103721
0.0032719845092014596,126311.23940460384,0.537053714953363,0.0470480680651962,0.0731343465857207,0.34276387039572
0.0025255761585103688,110317.80981287592,0.59626259772107,0.0460773858986795,0.0729546730965376,0.2847053432837129
0.00240408887678722,164337.94508920982,0.6445416764449328,0.0590860910713672,0.0596917615178972,0.2366804709658027
0.0022497255585627474,227704.58501761316,0.6971609032154082,0.0756389250792562,0.0173940505646169,0.2098061211407184
0.00329957788092922,202811.14114648665,0.6249220068752765,0.0755487455800175,0.0744024902582168,0.225126757286489
0.00253584165783334,137630.2047951962,0.6482242995966225,0.0802097595483064,0.0434286896791309,0.22813725117594
0.002629888807338167,133432.18338381266,0.6419577931240201,0.0515509312786161,0.0691765506751835,0.2373147249221802
0.003301876223362974,222340.07348623127,0.6709530133102088,0.0267021583393216,0.0471365946065634,0.255208233743906
0.003116537365825932,133351.43894073553,0.6027145589143037,0.0422662834450602,0.0826788241788745,0.2723403334617615
0.0029157493656737283,220902.9158786754,0.6077767953462899,0.0352343460731208,0.0295757779479026,0.3274130806326866
0.002943920283535298,235538.62453111212,0.5482915711216628,0.0688183672912418,0.0321260730922222,0.350763988494873
0.00237420884621592,216350.45012407936,0.5110626387502998,0.0572394082136452,0.0601805889140814,0.3715173641219735
0.0031220876568764594,174470.9660947672,0.7134108173009008,0.0467027466185391,0.0309661336522549,0.2089203024283051
0.0031355510331142764,144793.3011918445,0.612699330560863,0.0810090168192982,0.0539380117878317,0.2523536408320069
0.0026649860689616062,101657.1634784108,0.6761561047006398,0.0605475729517638,0.0217198396194726,0.2415764827281236
0.0033057464712484674,190008.169829892,0.5637052556965501,0.0727072466537356,0.0369073971267789,0.3266801005229354
0.003087083102412076,177124.8420570977,0.6657113828975707,0.0268998035043478,0.0371014952566474,0.270287318341434
0.0027476181150185163,113796.43914846238,0.6404795288946479,0.0284857689402997,0.0793165226560086,0.2517181795090437
0.0033035719238637567,131863.24499293696,0.5784559973236173,0.0543374308943748,0.0443792555201798,0.322827316261828
0.002347822730211217,207831.15911521015,0.5962560979463161,0.0391573552601039,0.0304614634811878,0.3341250833123922
0.0031766604269155784,166827.3882211768,0.5432714756578207,0.0280689535476267,0.0564533187262713,0.3722062520682812
0.0023397042649067295,228878.149351466,0.5225088995788246,0.0681342818960547,0.0845962066110223,0.3247606119140983
0.003088297012938943,210994.6670942707,0.6793996256031096,0.0508598229661583,0.0694168270565569,0.2003237243741751
0.0029115356609172465,197191.76031339448,0.6302126433234662,0.0253582064993679,0.0714368422981351,0.2729923078790307
0.0029838721246984463,143577.76236813515,0.6368865476269274,0.0841238342970609,0.0440387993957847,0.2349508186802268
0.002307197552599142,237536.75440218067,0.5059266137331724,0.075292432513088,0.0428109757043421,0.3759699780493974
0.0024019034407914666,190384.05182819115,0.5250318053271621,0.0698849583230912,0.0738411756884306,0.3312420606613159
0.002896315726181621,243656.8084495724,0.745891668535769,0.0298532561585307,0.0159622497856616,0.2082928255200386
0.0023007445733521444,187188.73090686972,0.6267285630479456,0.0575831265933811,0.0357167694531381,0.2799715409055352
0.002580915602641239,159571.13845419372,0.4785773683618755,0.0840025355294346,0.0449020833242684,0.3925180127844214
0.0025788332970680637,134591.4452842204,0.6767712358105927,0.0484251549653708,0.0244226092565804,0.2503809999674559
0.003094903900850504,179431.59871558892,0.5776028861571103,0.0341317789070308,0.0250033797044307,0.3632619552314282
0.002755379949727516,219331.6065355204,0.4410559426341205,0.0788915408216416,0.0845042565185576,0.3955482600256801
0.003017383828451053,226652.4328327272,0.567334013916552,0.0832443508692085,0.0777111833356321,0.2717104518786073
0.002855518585608692,136553.91192807583,0.6547458682861179,0.0306230155006051,0.0602145601157099,0.2544165560975671
0.0023137851112858226,209551.19525153423,0.5212244935147464,0.0672120790928602,0.0491893084906041,0.3623741189017892
0.002262188189491062,245027.91316676885,0.5599521386064589,0.0791558308899402,0.0319656780920922,0.3289263524115086
0.0023390833040915306,157748.04558602627,0.5533162157703191,0.0726867701672017,0.0600341612938791,0.3139628527686
0.0025633467618421087,144893.46776824677,0.5900675758626313,0.0500501643121242,0.0430834471154958,0.3167988127097487
0.003262944182045243,138587.58584177122,0.6185825161729008,0.0745520842634141,0.0386061281431466,0.2682592714205384
0.002385718268497557,125842.66492078314,0.5870816867612303,0.0348703561723232,0.0378892743773758,0.3401586826890707
0.0028389525103212077,126911.11609325744,0.4977768411114811,0.0732827553339302,0.0360924961976707,0.3928479073569179
0.0031907930403919896,112351.60800693557,0.5017743004485964,0.0649130705185234,0.0802126419357955,0.3530999870970845
0.0029933607602173453,189733.5365530802,0.6035113170649856,0.030495406165719,0.0497734160814434,0.3162198606878519
0.002228122312694961,165195.35475599114,0.6846464023459702,0.0431790617480874,0.0533541379775851,0.2188203979283571
0.003055536890646377,215056.1199557735,0.5035143076907843,0.0564479347690939,0.0469285860750824,0.3931091714650392
0.0022496539445769,169560.02311329357,0.6796326455660164,0.050940955709666,0.0291317272931337,0.2402946714311838
0.0026122041421089114,209939.0459584887,0.501205641850829,0.0833505394682288,0.070649755783379,0.344794062897563
0.002830193800043367,233161.6313484963,0.5429191854223608,0.0311363437026739,0.0453354581072926,0.3806090127676725
0.002424583418737337,135178.02991897333,0.6514133132714778,0.0821595704369247,0.0663526931870728,0.2000744231045246
0.002469565456689117,242226.9867806928,0.6239170513302088,0.0691258081234991,0.0619286667369306,0.2450284738093614
0.0029710796826852488,171463.51150529226,0.5234052465390414,0.0695806498080492,0.063615394430235,0.3433987092226743
0.0027388739027502055,132783.92157498747,0.6561844500899314,0.0760283775255084,0.0451408342644572,0.2226463381201029
0.002797317712589931,108736.11725578085,0.643450466543436,0.0357532737776637,0.0382040558382868,0.2825922038406134
0.0031093448423563626,201637.8669888829,0.5640626500640065,0.0680459335632622,0.0279827859718352,0.3399086304008961
0.0029363595998149663,210573.20633400232,0.6279058548435569,0.0331384198367595,0.0460516588389873,0.2929040664806962
0.0024327221542336194,163760.287549824,0.4830436332337557,0.0478460316173732,0.0709321768209338,0.3981781583279371
0.0027826586564205897,237019.20934991213,0.6811725034285336,0.0583860529027879,0.0593849980924278,0.2010564455762505
0.0024642712957523598,210137.2295422596,0.5767574343644082,0.0334458633512258,0.0775332628749311,0.3122634394094348
0.0025744294559884528,197262.239736272,0.4753585114888846,0.0722141954489052,0.0544372615218162,0.3979900315403938
0.0023383496042893573,249289.45854711343,0.5502629817929119,0.0544945651479065,0.0587132948171347,0.3365291582420469
0.003027601259444452,229268.0884781177,0.6730335086770356,0.0653128600865602,0.0543579022027552,0.2072957290336489
0.0028175615143960385,165987.18374117743,0.6480012975540012,0.0329555139690637,0.0738752804044634,0.2451679080724716
0.003172803701655631,110492.46194298612,0.5457648967299611,0.0770235748030245,0.0311677504424005,0.3460437780246138
0.0027153448250821556,250262.20421375477,0.5229376097675413,0.041219706274569,0.062713615456596,0.3731290685012937
0.003031282690977009,157320.99334176164,0.6435056401975452,0.0773799970187247,0.0734732326120138,0.2056411301717162
0.0026489874986634107,205546.53653480345,0.5619460419472306,0.0765115005336702,0.0468366419803351,0.314705815538764
0.002901914059036025,112976.23205850832,0.6107815036550164,0.0386745923943817,0.0477501353435218,0.30279376860708
0.002335914306393463,160840.94462451758,0.6586315122433006,0.055898302309215,0.0344542546384036,0.2510159308090806
0.0023350306411875766,216536.85099509312,0.6147970497980714,0.0375284579396247,0.0489855867624282,0.2986889054998756
0.00310082616063697,223206.6646126332,0.5785302889160812,0.0371326664835214,0.0788352108560502,0.3055018337443471
0.0032409164058121048,142394.81302663917,0.5309783966466783,0.0616283339820802,0.0577826955728232,0.3496105737984181
0.0029620571194143536,199808.54042713763,0.6825456446502358,0.0449268873780965,0.0600682824384421,0.2124591855332255
0.0028399606721936626,185131.7024762509,0.5417421663366258,0.053272291328758,0.0473473514616489,0.3576381908729673
0.002510840074461048,176315.80944217276,0.5547016064822674,0.0439823792129755,0.0563444871455431,0.344971527159214
0.002622930924910693,103753.91151710646,0.6020559568237513,0.0707409675046801,0.0462110624555498,0.2809920132160187
0.0024898131865342507,184053.6702502286,0.5478501437604426,0.0561306299455463,0.0644584504701197,0.3315607758238912
0.002367884925190689,234470.16514877323,0.6248287063091993,0.0472454717755317,0.0238088514283299,0.304116970486939
0.0023168910773049673,248896.71192986425,0.5549903452862054,0.06277153192088,0.063372985990718,0.3188651368021965
0.003119877031887531,232543.33554549376,0.6638346004206688,0.0798954004608094,0.0152863440010696,0.2409836551174521
0.0027797705437844974,180683.1404850469,0.6526128735765815,0.0471758792363107,0.0190801893733441,0.2811310578137636
0.002332350819196143,108557.96942193992,0.519363074330613,0.0648371582478284,0.066421384261921,0.3493783831596374
0.003287626970940374,115626.78260102402,0.4790755102317779,0.080418448485434,0.0414188750553876,0.3990871662274003
0.0023771271258828646,137905.72020780528,0.5990216072183102,0.064231512658298,0.072278904998675,0.2644679751247167
0.002781955792383602,122463.49625479196,0.6215772601030767,0.0794306041486561,0.029633292928338,0.2693588428199291
0.00244760832220074,240131.4801301458,0.5688425744138658,0.0795572985708713,0.0678162083961069,0.2837839186191559
0.002460810367783737,249459.3101712177,0.5682161381561309,0.0365387901477515,0.0262966847140342,0.3689483869820833
0.0025600419212919398,185906.1869900557,0.5315597376972436,0.0279733490571379,0.0810032345727086,0.3594636786729097
0.00231552439996599,157577.0768541377,0.5856807981338352,0.0305167982913553,0.0531528670992702,0.3306495364755392
0.0023655476594301303,106498.14680636628,0.4562046140152961,0.0844094439037144,0.0737141160015016,0.3856718260794878
0.0023814984298352803,208368.4896580875,0.5996034536790102,0.074716618116945,0.0530906749423593,0.2725892532616853
0.002598227458770078,179606.249713304,0.6608940088935196,0.0631884047575295,0.0708571724966168,0.205060413852334
0.002419073862880686,184377.6538725011,0.5382674347795546,0.0719321729056537,0.0156638993322849,0.3741364929825068
0.0025749499330069018,105870.42069991583,0.5312756383791566,0.0549590038321912,0.0618493221513927,0.3519160356372595
0.0030862401363130586,230520.1580852503,0.6054404010903089,0.0697018343582749,0.044458531262353,0.280399233289063
0.0029968742259372885,151190.35309860483,0.5093050687760114,0.0515399645641446,0.0787080257385969,0.360446940921247
0.00319836480649726,186570.27359601343,0.6905863124597817,0.0447547582909464,0.0299087021779268,0.2347502270713448
0.0030011316501565646,195050.36080278223,0.683606382375583,0.0807080718502402,0.0261352783162146,0.209550267457962
0.0031696090322641413,152021.35984080378,0.7017686366196721,0.0413436273485422,0.0467338944319635,0.210153841599822
0.002321441079749488,122585.96648544772,0.562986172446981,0.0503463801555335,0.0755220668856054,0.3111453805118799
0.002813800593486339,146174.7381652007,0.5277288316097111,0.0704846548847854,0.0715156507398933,0.3302708627656102
0.0025625227659012446,243409.99981941425,0.5494195982161909,0.0766212686523795,0.0406640074308961,0.3332951257005334
0.003022379283563185,241865.00507402237,0.5066202357877045,0.0785875333286821,0.0446595392841845,0.3701326915994287
0.0030036188661589826,219951.2752260547,0.5585806240979582,0.0526526639424264,0.0433260923344641,0.3454406196251511
0.002934258933026674,238192.6465724129,0.5667405365034938,0.0808905976265668,0.037992336936295,0.3143765289336443
0.003209123467419213,128183.38295817377,0.6374417413491755,0.0677533383108675,0.0432643799949437,0.2515405403450131
0.002395871416511753,132591.00730880164,0.5429650734644382,0.0469444074481725,0.0518893051613122,0.3582012139260769
0.0028186317236105615,221757.23141734488,0.654619985455647,0.0604646100476384,0.0795989343058318,0.2053164701908827
0.0032129747663728133,146506.3971615862,0.6493726509436966,0.049028514418751,0.0707519695349037,0.2308468651026487
0.002979229182953066,212366.7320825276,0.5728420874942094,0.0743796528689563,0.02332653474994,0.3294517248868942
0.003053954778782807,172876.84295335785,0.508832732848823,0.0775908763706684,0.0770905394107103,0.3364858513697982
0.003219405113335894,199239.34711661423,0.6348373840097338,0.0711924879997968,0.0317932840716093,0.26217684391886
0.002798822260804665,198392.89167401148,0.5606078733317554,0.0478537050262093,0.0303481364808976,0.3611902851611376
0.003098884552524715,107480.37203564309,0.531424231911078,0.0450490133836865,0.0496269715111702,0.3738997831940651
0.002990224295891487,224207.66523607308,0.686091740662232,0.0585728109814226,0.0281306310091167,0.2272048173472285
0.0025465430221998735,220973.6132876133,0.675021778261289,0.0782906676642596,0.0442767747398465,0.2024107793346047
0.003310625862763562,106279.24095812486,0.6493327495455742,0.0375535130687058,0.0524335314519703,0.2606802059337497
0.002671573116399778,113407.14548702816,0.5452299696207046,0.0312888878025114,0.0572086942009627,0.3662724483758211
0.002437286516439389,178423.25422670692,0.5818301392253489,0.0706838889792561,0.0308631190750747,0.3166228527203202
0.0031512530241260216,162379.7454517102,0.5950546819157898,0.0351120191253721,0.0804185476154089,0.2894147513434291
0.0026015027423013535,107288.59809134156,0.6634309885837137,0.074119314700365,0.0561359424702823,0.2063137542456388
0.0026571508228561175,251337.33750827375,0.539769066395238,0.0684236199408769,0.044755755579099,0.3470515580847859
0.0023078009536861527,145502.41678194143,0.6657919998653232,0.0613204331509769,0.0175383753329515,0.2553491916507482
0.002879143182804678,231103.15854790388,0.5984436587803066,0.0434394012577831,0.0161696623265743,0.3419472776353359
0.0024068253576319597,179005.17155342968,0.6697547207213939,0.0369495260901749,0.0385150583460927,0.2547806948423385
0.0031438961540104916,250830.55388991488,0.5713579957094044,0.0749582845345139,0.0302513049636036,0.3234324147924781
0.002778677005075072,175578.71859687148,0.5998280735127628,0.0336595189012587,0.0194064971432089,0.3471059104427695
0.002854214648007496,217647.5179991336,0.5593994353059679,0.0506811593472957,0.066318304752931,0.3236011005938053
0.00253451275716491,249866.60962278256,0.5629905227012932,0.0582235815003514,0.0806606310047209,0.2981252647936344
0.0033250753014862234,231702.81781669476,0.4725318813882768,0.077206359077245,0.0582025857269764,0.3920591738075018
0.0031042852597610512,130662.12240838211,0.6992267403192818,0.0318347355537116,0.0579864608496427,0.2109520632773638
0.002407657289440254,123234.77000378772,0.6042130316793919,0.0560229476355016,0.0452325937338173,0.2945314269512892
0.003023520631241083,145573.4029516345,0.5366065473016352,0.0442211714200675,0.0388146874215453,0.3803575938567519
0.002860784655148655,101551.46260396576,0.6017220746725798,0.0473519776575267,0.034359371792525,0.3165665758773685
0.0024824015010347813,202637.93848212808,0.5340238913428038,0.044618864506483,0.0286506821308285,0.3927065620198846
0.0028268000410036583,116231.63050424772,0.5137466567289084,0.0541506305709481,0.0831270246673375,0.3489756880328059
0.0025700396015071706,193126.9055954064,0.6620084812957794,0.0554266107082367,0.0466308274399489,0.235934080556035
0.003187302832246767,249990.24055843477,0.6171962054166943,0.0273078124225139,0.021822303449735,0.3336736787110567
0.0029011111382231426,227512.81220570672,0.5067887210007757,0.046583128478378,0.0762703252863138,0.3703578252345323
0.0025201864483896446,117918.81387649335,0.5773711493145675,0.074819714743644,0.0372139936592429,0.3105951422825456
0.0024295135524067635,150079.09781530034,0.7019812261778862,0.0348093662038445,0.0278800381626933,0.2353293694555759
0.002945467272512133,165299.00005019736,0.5238691949658095,0.0722356015443801,0.0425043468363583,0.3613908566534519
0.002802736367733405,160944.86169355223,0.5914539597276598,0.0268279149383306,0.0631162154953926,0.3186019098386168
0.002807938519416956,228704.65792635223,0.6826263264752924,0.0390804634243249,0.0211091626621782,0.2571840474382043
0.0024510045907146236,102052.0661759656,0.7241379499342293,0.042655108589679,0.0302172002475708,0.2029897412285208
0.002537195968416911,112474.94904943742,0.7305542157869785,0.0358563624136149,0.0168281786423176,0.2167612431570887
0.0025450541770152806,201445.80315143103,0.6139246792159975,0.0371143685095012,0.0695942962542176,0.2793666560202837
0.0023998042777614915,248055.94719738,0.54893720401451,0.051116190906614,0.0487799099087715,0.3511666951701045
0.0032774067129545956,140522.6966505521,0.6628645175416022,0.0522458575479686,0.0280400975514203,0.2568495273590088
0.0030653097142835646,154446.97000149172,0.5313019408565014,0.037894951570779,0.0429233918990939,0.3878797156736255
0.0026322666045194855,233649.7035530163,0.6416563882026821,0.0744199163466692,0.0283123810123652,0.2556113144382834
0.002510296480315761,178758.6613093852,0.6302776254713536,0.0545464137010276,0.0771927364729344,0.2379832243546843
0.0026665187255498733,129484.95436861413,0.7040262670721859,0.0443273564428091,0.048302873307839,0.2033435031771659
0.0028166138316263853,126664.37597300392,0.5785434008948505,0.0294520917348563,0.0418213605508208,0.3501831468194723
0.003335288263480477,226407.81255613547,0.6107985672168433,0.0335520806722343,0.0703513719514012,0.2852979801595211
0.003015508672173114,113228.99765318724,0.6896270284708589,0.0622185679338872,0.0463241975288838,0.20183020606637
0.003235179575259523,204538.3471840527,0.5474862624797969,0.0399605206772685,0.0442499925848096,0.3683032242581248
0.003197656695703542,126050.04638390384,0.6878636450599879,0.0781813365221023,0.0188047181908041,0.2151503002271056
0.0027932227171854136,134155.4067769437,0.5415045110415667,0.0487331782840192,0.0651198778953403,0.3446424327790737
0.0031233346328558365,213016.72235095172,0.6338948195055127,0.0387914279662072,0.0624984540604054,0.2648152984678745
0.003050215429401941,244605.2867472754,0.549216031357646,0.0594822320528328,0.0656258513964712,0.3256758851930499
0.002823466192453239,244959.63441225467,0.5357565362937748,0.0774883675388991,0.0192817881703376,0.3674733079969883
0.003109571353795599,110096.67088146089,0.6448551191668958,0.025242522265762,0.020491434475407,0.3094109240919351
0.0027221523281735958,242649.6157480753,0.6535917931236326,0.0719431752711534,0.0272207553125917,0.2472442762926221
0.003285394074427696,233725.895343069,0.5292910015955568,0.0574000417441129,0.0826165037229657,0.3306924529373646
0.002744802728742379,170280.95142461825,0.6596940193884074,0.077076010312885,0.0345673824101686,0.2286625878885388
0.0030133398913825505,147707.7646265854,0.6007831851858646,0.0265239999815821,0.0318506019096821,0.3408422129228711
0.002286870127111029,177803.9580941666,0.5292714121844619,0.0444467430189251,0.0597710424754768,0.366510802321136
0.0024152532345611062,206308.3511042758,0.6567647026572376,0.0551446187868714,0.0767909104656428,0.2112997680902481
0.0028876666012692697,106866.11661842326,0.705647934153676,0.0638148793764412,0.0197490905411541,0.2107880959287286
0.0023457531353146123,126843.66639351938,0.6689153566304594,0.0603680892474949,0.0529443057347089,0.2177722483873367
0.0026866986682638943,211580.9527767124,0.6244569465704262,0.0845954829826951,0.0409028379060328,0.2500447325408459
0.0022484932914893516,186106.1875017942,0.5794739875011146,0.0400615157932043,0.0346703805588185,0.3457941161468625
0.0027044961106620605,195946.3241353165,0.5036875538527965,0.0703163379989564,0.0435575058497488,0.3824386022984982
0.002355053786987291,219227.97935963608,0.6957471483759582,0.0479598901607096,0.0212866318598389,0.2350063296034932
0.002833765472380331,141123.27089459868,0.6500060357619076,0.0784780396334827,0.0647751693893224,0.2067407552152872
0.0031750023036294845,201810.1396737504,0.6301154452841728,0.0501576348952949,0.0150847303401678,0.3046421894803643
0.003126436745547228,237996.0528713884,0.4810974731482564,0.0631115093454718,0.07696343800053,0.3788275795057416
0.003111520355999752,221148.26428532836,0.5329005927592516,0.0492048376984894,0.0510292931832373,0.3668652763590216
0.0032607507694831736,249657.1526209591,0.6531023817695677,0.0674537541158497,0.0679124299064278,0.2115314342081546
0.0029311672237919014,181875.0765142031,0.4860025706607848,0.0396712668985128,0.0829998562391847,0.3913263062015176
0.0022948935472880865,189210.60469723307,0.6572466978617012,0.0773895030468702,0.0241477387584745,0.2412160603329539
0.002729093801160207,139949.53387049027,0.5898731106892228,0.0559753276407718,0.0325816873461008,0.3215698743239045
0.002413995426404903,225967.1374570462,0.6380192902684212,0.0438547924533486,0.036126350313425,0.2819995669648051
0.0029434748281852454,141771.92040720256,0.5556060436740518,0.0278894714079797,0.0165872746519744,0.3999172102659941
0.002742215397911887,202243.28675164143,0.5105235994700342,0.0343112319894135,0.0649736004788428,0.3901915680617094
0.0028774122221986637,175331.37264522957,0.5762428610399365,0.0831377995572984,0.0322703063301742,0.3083490330725909
0.002620016212981619,217105.743088515,0.6097525517269968,0.0637666910886764,0.0778758528828621,0.2486049043014645
0.0027188536285512074,169632.1569654392,0.5148909673001617,0.037722820919007,0.0817971569206565,0.3655890548601747
0.0032369076857824324,164731.2935744645,0.5580998869799078,0.0460005012154579,0.0842290480621159,0.3116705637425184
0.00238442331907908,186511.1005721963,0.5848478646576404,0.0617348870262503,0.0436708234623074,0.3097464248538017
0.0025525862988179672,232721.1765002576,0.4929256990738213,0.0508122316934168,0.0789485378563404,0.3773135313764215
0.003010937827981291,239173.86765031845,0.6079889454226941,0.06628098487854,0.0168626839015632,0.3088673857972026
0.0025574324732663047,139522.5155980792,0.7022463720943779,0.0587821247056126,0.0284394993726164,0.210532003827393
0.002974255488955281,114997.5342724356,0.5626374593563377,0.0509812549501657,0.0230518645234406,0.3633294211700559
0.0031130966677976415,167751.21003066888,0.4770768960751592,0.0741962279938161,0.0654964883252978,0.3832303876057267
0.0023936765170127173,152117.63862166554,0.5801640608347952,0.0581188773363828,0.0265716265328228,0.335145435295999
0.002225295632480525,123481.8549383548,0.6588609114475548,0.0457734839059412,0.0329497740417718,0.262415830604732
0.0029772756927458374,230855.56403553343,0.5580886771902441,0.0255275724641978,0.0638886673189699,0.352495083026588
0.002819347843525561,109518.87037719134,0.5951314011029899,0.0815118790417909,0.0488825075142085,0.2744742123410106
0.003184522568078396,156147.2928373958,0.589745451649651,0.0698772993311286,0.0247378492821007,0.3156393997371197
0.00278540836342273,214493.31448611335,0.5466525164525956,0.0302134620770812,0.0799372375104576,0.3431967839598656
0.002937497245405444,176779.96800967958,0.6437660961877554,0.0411641722545027,0.077986659342423,0.2370830722153186
0.0027108705483855876,216455.236872565,0.7253257296979427,0.0281857864372432,0.0363038093410432,0.2101846745237708
0.0029218736591137356,245220.8285653498,0.5877906481269747,0.0482115023210644,0.0737481036316603,0.2902497459203005
0.0028695629666705288,183071.4823899907,0.6203611769899726,0.0353444074466824,0.0229248713329434,0.3213695442304015
0.0022968253768489207,109396.6889072908,0.5846455312985926,0.0524289387091994,0.0552590075414627,0.3076665224507451
0.0030255826117922347,209761.1880177981,0.6336848337482661,0.054282129779458,0.0246627197880297,0.287370316684246
0.002923834319048615,188882.44055528197,0.6679479167610407,0.0671642907336354,0.0484628257155418,0.216424966789782
0.0027409454010185056,167188.69558655424,0.6019629530794919,0.0404583220742642,0.0240449909493327,0.3335337338969111
0.0025662754859064794,227425.66336048767,0.5777151521481573,0.0598959684930741,0.0670348574593663,0.2953540218994022
0.00266356878796936,200323.0629752856,0.7344775788392872,0.0327436755038797,0.0248401795979589,0.2079385660588741
0.002257416145193118,215335.4659779696,0.5167300384212286,0.0450257733277976,0.0527502086479216,0.3854939796030521
0.0022459738122892364,145169.90891386522,0.5167994440440089,0.0339190248027443,0.0719362969975918,0.3773452341556549
0.0029912594430101165,163539.01273099473,0.7200913171004504,0.038505126517266,0.0181217152159661,0.2232818411663174
0.003073501930410357,103353.77234142506,0.6526352899614721,0.0660822202265262,0.0262624297942966,0.255020060017705
0.0023794881105661113,228026.1538072955,0.70228351296857,0.0261575064621865,0.0259256576374173,0.2456333229318261
0.002325031464771414,234269.98826649503,0.6924176668468862,0.0406520859152078,0.0612355164717882,0.2056947307661175
0.0022428545376733068,183454.00531946216,0.5614826942235231,0.0298642300255596,0.0273987091518938,0.3812543665990233
0.003159066599537077,181256.3579031732,0.551523305075243,0.0659085863083601,0.0415480209048837,0.341020087711513
0.002404824834429228,204161.59564785197,0.5943740245327354,0.0829216274246573,0.0293973234295845,0.2933070246130228
0.0026502602253153417,107103.93686232856,0.5769738439191132,0.0506430582888424,0.0366034055594354,0.3357796922326088
0.002981682729929519,234971.3303887518,0.7048612941335887,0.0425522438064217,0.0372478480357676,0.2153386140242219
0.002539513045801443,170127.18603936955,0.5631873852945863,0.0847047807089984,0.0615088514238596,0.2905989825725555
0.0024563252192641876,161003.96281027934,0.6017614172771573,0.0735684330016374,0.0810781679674983,0.2435919817537069
0.0025784297897023605,195260.10741465725,0.6036184364464133,0.0749985552765429,0.0218640475627034,0.2995189607143402
0.0028584917096440452,155024.17373353383,0.6831859502755105,0.0716574097052216,0.0177026821486651,0.2274539578706026
0.002551361655331547,151492.7892234642,0.5190813040919602,0.0318823590129613,0.0641949989087879,0.3848413379862905
0.002761855808376841,246634.75494550075,0.5800223494134843,0.0455206618458032,0.0352800897322595,0.3391768990084529
0.002659725027284067,194852.807113796,0.5117376622185111,0.0497647158056497,0.0676146135106682,0.3708830084651708
0.0023283232966592148,187507.6731060748,0.6487077793292702,0.0456195549480617,0.0426066771522164,0.2630659885704517
0.0022687947952459257,139872.227803641,0.5742873399797827,0.0767525541782379,0.0520973303820937,0.2968627754598856
0.0026314465255346084,153089.81016398175,0.6357371654082089,0.0628874477185309,0.0441476622689515,0.2572277246043086
0.002825261752272456,187287.7390430658,0.5736895553302019,0.0285419860295951,0.0595892974268645,0.3381791612133383
0.002320514462153491,180880.69417403312,0.507275264216587,0.0762148458696901,0.0779521540831774,0.3385577358305454
0.0033168860971998886,143249.7083516093,0.7128678289335221,0.0326735126599669,0.0338751878682524,0.2205834705382585
0.00268325329987831,178808.77743704477,0.5524261937756091,0.0678665216080844,0.066727884830907,0.3129793997853994
0.003071622139975183,199496.1519646808,0.6540215369220823,0.0310735803470015,0.0200242280680686,0.2948806546628475
0.003293804095899099,152873.35538497427,0.5219875738769769,0.0834197581745684,0.0624405427090823,0.3321521252393722
0.0022703013565686767,136360.68965041777,0.5891807917878031,0.0596622389554977,0.0362013452500104,0.3149556240066886
0.0030353778011168917,217297.78767524983,0.5667577215936035,0.0328498927131295,0.0185891847405582,0.3818032009527087
0.002232819722639222,130730.35572554218,0.5204816757794469,0.0751236583106219,0.0684342227783054,0.3359604431316256
0.002343393213388613,242588.31226439212,0.633822609949857,0.0814053232036531,0.0229489831998944,0.2618230836465955
0.0022525931316922563,137048.8824005588,0.5830704387743026,0.0539711687713861,0.0845382274594158,0.2784201649948954
0.0026533898915528584,189629.90937719587,0.632130129225552,0.0595518281683325,0.0565557992458343,0.251762243360281
0.0025399633645515167,228273.8417422632,0.6432317956537008,0.0419013785757124,0.054777731206268,0.2600890945643186
0.0023687421911005807,143151.32614681497,0.5524886727891862,0.079441581480205,0.0224778714962303,0.3455918742343783
0.0029703262552708875,183256.1436190037,0.6231995003577322,0.0589484005980193,0.0690149921830743,0.2488371068611741
0.0023934393001340047,246032.7606779756,0.6257009394839406,0.0390477374568581,0.0197149691358208,0.3155363539233804
0.0030078284307370586,101831.54383369256,0.5117944599874318,0.029616833794862,0.080694601945579,0.3778941042721271
0.0022613594088015682,151334.55200989265,0.6189926720038056,0.044147219620645,0.0164741601794958,0.3203859481960535
0.0031287271631852396,181528.9160659304,0.6099386600684374,0.051825345121324,0.036365030715242,0.3018709640949965
0.0025007609837635197,190812.46945786988,0.5125549633521587,0.0820546116866171,0.0417255112249404,0.3636649137362838
0.0029509116109713435,149393.83980865823,0.6693514725659042,0.0552731540985405,0.051915928767994,0.2234594445675611
0.0029133255934375144,215533.32767842803,0.637069441396743,0.0740802820213139,0.042032617367804,0.246817659214139
0.002919536062285129,151452.38395014312,0.5850748845841736,0.0750760383158922,0.0799993566516786,0.2598497204482555
0.0024621737384147983,191953.1781966565,0.5214243230596185,0.0779293244890868,0.0516163038648665,0.3490300485864281
0.0028906663015993554,247055.75708574613,0.5959531193226575,0.0576819909736514,0.0426505908742547,0.3037142988294363
0.0024231529428972135,160152.86964346888,0.5255866967421026,0.0502369510009884,0.0819614950288087,0.3422148572281003
0.0029226830655353885,132963.60635210294,0.7080848876945675,0.02623769082129,0.0327897117845714,0.2328877096995711
0.0026215112768435615,161408.46765224123,0.6935887187160551,0.0296351639553904,0.0758716766349971,0.2009044406935572
0.0026156135694567033,168944.46317689726,0.52193373455666,0.0622002662718296,0.0402443676162511,0.3756216315552592
0.003350656502296899,155648.1919537182,0.6225954092852771,0.04539216671139,0.054471366237849,0.2775410577654839
0.003039682000346853,103852.9185209074,0.5625354623049498,0.0416854002326727,0.0573730310052633,0.3384061064571142
0.0031051602185726158,247666.100927128,0.6596624506358058,0.0539229951240122,0.017977624097839,0.268436930142343
0.0024393977500639496,231826.4657382737,0.6791055327747018,0.0462466200999915,0.0470403584931045,0.2276074886322021
0.0023805667534718047,169806.51807000395,0.7061137728393078,0.0667929472215473,0.0228218734450638,0.204271406494081
0.002347092281169291,170454.15295658167,0.5016961649153382,0.0461316245235502,0.0629518880788236,0.3892203224822879
0.0027206204897302698,112107.47182925696,0.5398520782403649,0.0790593391470611,0.0393189376220107,0.3417696449905634
0.0029267517022890646,213301.36883159867,0.6963596508465707,0.0527106505073607,0.0224432160332798,0.2284864826127887
0.002561899997094399,125236.94620571332,0.4712886950187385,0.0686074467003345,0.0702493086643517,0.3898545496165753
0.0028923559178828445,131238.69228225667,0.4650681255664677,0.0806052041053771,0.0813874936569482,0.3729391766712069
0.0026369344212668943,237779.65683537768,0.5474948047287762,0.061203838083893,0.0727557100355625,0.3185456471517682
0.0030482989261312985,133536.1004528473,0.4949363035243004,0.0824960895441472,0.0278385026659816,0.3947291042655707
0.0029810861383645945,118672.2096544574,0.6055631352867931,0.0484512149728834,0.0251475459244102,0.3208381038159132
0.002302553519460873,215015.35288221203,0.6617624947242439,0.0434796754643321,0.0266509596444666,0.2681068701669574
0.0027317043342804446,117423.85670965305,0.7135523090325295,0.0316552750952541,0.019207182303071,0.2355852335691452
0.0025498685839100213,133173.3080928214,0.5953289366792888,0.0732106374949216,0.0235628077853471,0.3078976180404424
0.002223090640265833,210766.12173258327,0.5536896310653537,0.0640535880997777,0.0569353592488914,0.3253214215859771
0.0032496881307194528,119873.77613789868,0.6937876551039517,0.0259484153613448,0.0727903488092124,0.207473580725491
0.0033273565438693984,118279.6544119832,0.5792789079714566,0.0683461034856736,0.0177791252080351,0.3345958633348346
0.0027274544792355217,120421.77808927372,0.4775860886741429,0.0448695223033428,0.0797929708939045,0.3977514181286097
0.0032083875468553198,225478.70571707608,0.5620219036657363,0.06074886161834,0.0202258435543626,0.357003391161561
0.002282996600447064,119040.04754248308,0.639903585780412,0.0655430085398256,0.048705370798707,0.2458480348810553
0.00238369958456497,144329.1426243377,0.4643414724525063,0.0838158221542835,0.0847403564024716,0.3671023489907384
0.002247858527741642,125660.6711900211,0.5637862480431794,0.0828635752573609,0.0490430975705385,0.3043070791289211
0.0032240290027643606,135712.5569346361,0.5582970164716243,0.0388466732017695,0.0777735058777034,0.3250828044489026
0.0029858362196065026,123922.4547331687,0.6372326579317451,0.0354713370651006,0.0692896669730544,0.2580063380300998
0.0026696889978341893,207249.14142997004,0.4912908066995441,0.0654190487973392,0.0590780209004879,0.3842121236026287
0.002587436118443616,147619.79097307194,0.5865383400861174,0.0396221661008894,0.0182849591318517,0.3555545346811414
0.002613676552532318,229465.64216710397,0.5475020692590624,0.0343986647948622,0.0432298580463975,0.3748694078996777
0.002528049384305772,166635.3255161201,0.6845396216120571,0.0571108627878129,0.0498074037116021,0.2085421118885279
0.0022910152577170525,205335.0331534515,0.4929101047385483,0.06042430723086,0.0682901149708777,0.3783754730597138
0.00250219849048979,248337.1172250132,0.5518734925612807,0.0333215498365461,0.0710593035258352,0.3437456540763378
0.003156914302924667,238778.68652511388,0.510065901465714,0.054623337611556,0.071241047270596,0.364069713652134
0.002730771529693461,213640.73830634588,0.691235764734447,0.0650232524238526,0.0292326538823545,0.2145083289593458
0.0025080329128218007,236262.4548880267,0.6298884187731892,0.0660147678665816,0.0368193259928375,0.2672774873673916
0.002986765359161188,205739.75994485663,0.6413116897642612,0.0474578503705561,0.0578572899661958,0.2533731698989868
0.002414291443947479,172422.2382619162,0.6049005465768277,0.0790996097773313,0.0473136308602988,0.268686212785542
0.0022318153295694076,247718.3170815348,0.5013035954907537,0.067087377551943,0.0381698178686201,0.3934392090886831
0.002480674852873873,244236.33854583604,0.6269635885674506,0.0728061361797154,0.049661076227203,0.2505691990256309
0.002771154934971726,178030.414753058,0.6885661249049008,0.0273728219047188,0.0424420295096933,0.2416190236806869
0.0025483165708877304,167652.2200127947,0.6709251240361482,0.0451552056707441,0.0370097443927079,0.2469099259003997
0.002442410092447781,208115.7178352354,0.5219885137677193,0.0513773541338741,0.0538351474143564,0.3727989846840501
0.0023516377413741216,182261.7244759924,0.5764377233479172,0.0523670563474297,0.074913334948942,0.296281885355711
0.0030752354611599266,183691.534537822,0.6206796885002404,0.0766102984733879,0.0464533436391502,0.2562566693872213
0.003342398231985383,158487.46817442589,0.5804327234718949,0.0324140976183116,0.0466651991847902,0.3404879797250032
0.0028250738894286882,133966.92612074548,0.562465043151751,0.0685329187847673,0.0566972170118242,0.3123048210516572
0.003043542267822619,221480.7721534045,0.5959587740804999,0.0765005230903625,0.039800283582881,0.2877404192462564
0.002644733410063825,235089.18044732415,0.5067415358126164,0.0735101550817489,0.0657391690090298,0.3540091400966048
0.0033233815253749343,175932.99661955098,0.5316190674528479,0.0494024703465402,0.0605450710467994,0.3584333911538124
0.0026662892813244573,182880.2596390131,0.6417760061565787,0.0786351603642106,0.0332231138180941,0.2463657196611166
0.0030624775950128403,121862.641176756,0.6654877422563732,0.053168281186372,0.0620958370715379,0.2192481394857168
0.0024164693054643566,114916.16064232076,0.6489198347087949,0.0377118220180273,0.0747691103164106,0.2385992329567671
0.002732416463932009,231960.2737919544,0.598933480726555,0.0536336353980004,0.0567552691791206,0.2906776146963239
0.003124373829688731,116800.21104746264,0.5999650078825652,0.05792116003111,0.0562490702420473,0.2858647618442774
0.0027289929973367505,238615.65022103023,0.5859625248797238,0.0368433338031172,0.0486708491109311,0.3285232922062278
0.003281472921187511,122181.16665455746,0.6493855482712387,0.0636281503550708,0.0508309883065521,0.2361553130671382
0.0028732319169609494,113623.73105767184,0.5658720316458493,0.0742481339909136,0.0685974802542477,0.2912823541089893
0.003248736437887099,229663.41879637912,0.6556813168991357,0.0480320684611797,0.0337458331417292,0.2625407814979553
0.0023707093092074304,118171.6309951502,0.7010461989045143,0.0512543385289609,0.0380952182598412,0.2096042443066835
0.00299525209657063,247259.38126186372,0.4660995958559215,0.0717852307111024,0.072851925548166,0.38926324788481
0.003276979723056752,242035.2309547132,0.5415662385430187,0.0382097851298749,0.0334031705092638,0.3868208058178425
0.002888630738792183,205457.5045165024,0.7042509744502603,0.0295094000361859,0.0265376386418938,0.2397019868716597
0.002635470594918491,116736.29852542654,0.6478972116671502,0.0673243685439229,0.0607943299226462,0.2239840898662805
0.00286664473484285,239407.5682407827,0.454234133856371,0.0842505039647221,0.0631954956706613,0.3983198665082454
0.0026722213888081014,226774.61317023265,0.6167115740012377,0.054205213021487,0.0187025211285799,0.3103806918486953
0.0022661484877703813,174857.13859215612,0.5638933474011719,0.0597864481993019,0.042408308647573,0.3339118957519531
0.0026347273837605068,215179.4791165972,0.6904925351589918,0.0255165664106607,0.0576798309385776,0.2263110674917698
0.0027261800766046978,180941.43570663876,0.4964143671374768,0.078063580058515,0.0739544946048408,0.3515675581991673
0.0030971505030985584,203697.4619930377,0.5114683009590953,0.0782430476695299,0.0340863038692623,0.3762023475021124
0.0029488695325394975,203937.01423527676,0.5342909883800894,0.0661979098245501,0.0815144782420247,0.3179966235533357
0.0024245539099457445,195847.04422429204,0.6593562485929578,0.0412306801415979,0.0501732923742383,0.2492397788912058
0.0022379777906538067,199703.46265310652,0.5203308507241309,0.0740107108280062,0.0357815886102616,0.3698768498376012
0.0024783218391168254,187751.7911654315,0.6662336605414748,0.0313487701304256,0.0725541091524064,0.229863460175693
0.0026195834174258664,138803.6516430555,0.5443127634003758,0.0577052166126668,0.0548399869911372,0.34314203299582
0.002346608965761394,226151.7998184543,0.5037465359549969,0.0804371090047061,0.05552220354788,0.3602941514924169
0.002445069600701715,129138.1552494946,0.6632420571241527,0.0584074619039893,0.0387875297572463,0.2395629512146115
0.0032449934544118634,178639.94043896673,0.5184396949317306,0.083602152634412,0.0181797559093683,0.3797783965244889
0.0023720533511339247,175697.42134896806,0.5708274366054684,0.062715368475765,0.0830337106157094,0.2834234843030572
0.0025459242810537343,109977.95114343752,0.5889644262567162,0.0561877670325338,0.0841191865690052,0.2707286201417446
0.0030257078551270814,111168.63148795674,0.6428408699203283,0.0724157394841313,0.0216238066460937,0.2631195839494467
0.002573551541015216,162186.83118552435,0.5879014436621218,0.0660712178610265,0.0171670106891542,0.3288603277876973
0.0026517101189857573,163438.86314051924,0.4944762714579701,0.0694200654514134,0.0772676636092364,0.35883599948138
0.002506475929451483,222833.0871799495,0.641352111576125,0.0501100435107946,0.0277359053213149,0.2808019395917654
0.002977729841621325,175010.65201949095,0.4829501747153699,0.0673939325846731,0.052637249790132,0.3970186429098248
0.002474055123568614,173402.360633458,0.6450618238840252,0.0682472389936447,0.0251054429914802,0.2615854941308498
0.0028419267368906508,229109.83314622423,0.591719178147614,0.0777168835327029,0.0306907285749912,0.2998732097446919
0.0023225521573942056,237197.06729060272,0.5685524214245379,0.0274424145556986,0.0353720586001873,0.3686331054195761
0.0028449466920981666,209451.04679345383,0.6879785720724612,0.0362531087920069,0.0559765322040766,0.2197917869314551
0.0031187250770744793,151690.64979152754,0.6537351828161627,0.0609224409982562,0.0399465192761272,0.2453958569094538
0.002297680177285041,203237.5343367923,0.5252982931118458,0.0708559693396091,0.0610275058541446,0.3428182316944003
0.0025334717897656438,155950.899853406,0.6385168362036346,0.038916272893548,0.0705919174477458,0.2519749734550714
0.00228802362449264,235478.1726085581,0.5850699888728559,0.0554893751814961,0.0191043012402951,0.3403363347053528
0.0026178354527693713,192200.69740475155,0.5925762088410556,0.0393367725796997,0.0617201092839241,0.3063669092953205
0.0024942357569950335,102830.42885995236,0.5069198352470994,0.0830503666400909,0.0803086861222982,0.3297211119905114
0.002391352154929774,232153.47795129052,0.5426787423528731,0.0845771885849535,0.0457340739667415,0.3270099950954318
0.0026263195689555778,221380.33266977876,0.5584929376468062,0.047417558170855,0.0637753337994218,0.3303141703829169
0.00231481431034853,192558.3069338696,0.5266444086655974,0.0516666421107947,0.0227431275881826,0.3989458216354251
0.0027870819944331485,234150.99562124812,0.5315208044834434,0.071598503254354,0.0329842793010175,0.363896412961185
0.0022374882890342372,103413.02066951756,0.5229990508779883,0.0493141219019889,0.0476583873480558,0.3800284398719669
0.002890629202317011,150765.32359512057,0.5729128773324192,0.0394874987006187,0.0408234380371868,0.3467761859297752
0.0022760427223292856,219546.3315809844,0.6794520816579461,0.0693052627705037,0.0307997614704072,0.2204428941011429
0.002303252993591983,172815.42155903298,0.6872473786119372,0.034512782394886,0.0667623898293823,0.2114774491637945
0.0024399375691699196,118458.65380695324,0.5877250626124442,0.039275119099766,0.07706551797688,0.2959343003109098
0.0031031700626104482,191181.55354672344,0.635948297381401,0.0652027506567537,0.0604875612817704,0.2383613906800747
0.002595222100733294,119650.75290100648,0.5497623372729867,0.0467796311900019,0.0206728561688214,0.3827851753681898
0.00230003454446633,133792.25700470852,0.645006296094507,0.0394472066126763,0.0458090146631002,0.2697374826297164
