x_absorbent,x_co2,x_n2,y_water,y_absorbent,y_co2
0.0,0.0,0.0,0.6747261494118721,0.0366498869098723,0.081480240272358
0.2779301648964309,0.0970365410247841,4.437421289147697e-05,0.6860660299873453,0.0081115076479244,0.0160579087556461
0.397741271667775,0.1450516000440938,6.245960362288467e-05,0.5949274529393506,0.0114948714756391,0.01011597075561
0.0740051657366825,0.0389859454071054,0.0001020636765762,0.0622051663843814,0.0001706275657345,0.1296593507510674
0.1321800569408059,0.04318537894224,9.20421548623894e-05,0.0952675360041199,0.0001207339448727,0.0016243419186876
0.1471000006496751,0.0358398085807238,5.29301364032019e-05,0.1972282138346615,0.0004004021085611,0.001281019977317
0.0761541123398046,0.0303043597780532,7.101125090771476e-05,0.3270218104326889,0.0007552460769585,0.0444731721622697
0.0858519956060741,0.0374656001918515,6.684063262505784e-05,0.4149531413226903,0.0018869187553529,0.1111212171490341
0.0855669762434689,0.0390931271801932,4.579635776733608e-05,0.2491396513025743,0.0005672311332573,0.0807203439129331
0.5581136258147877,0.1955192133505587,4.502287410307967e-05,0.640948699323535,0.0409413181379569,0.0081772651681816
0.1115999520273478,0.0391659082940584,3.300971824281214e-05,0.5448569257553563,0.0015163686534664,0.0273534429368124
0.5176716571500164,0.2077455280109543,3.950583113298075e-05,0.702705717527311,0.0251567373502418,0.0162823985898058
0.0644681077445893,0.024443197607512,6.16958743200524e-05,0.1375291590191367,9.043544556687488e-05,0.0101694631050003
0.0835298941180238,0.033052484022958,6.168692802291305e-05,0.3731414371717094,0.000959002908118,0.0464731067010327
0.0,0.0,0.0,0.6007145527936518,0.0452090278826654,0.0272545927390456
0.0,0.0,0.0,0.626642406117171,0.0579416389763355,0.0419235743023455
0.5796118220829444,0.2620659389699265,8.493531480492902e-05,0.5524949640475894,0.0309045096080073,0.0427064969699316
0.0952125058485375,0.0493731586575446,6.003775041281156e-05,0.0836303715590943,0.0002455946475165,0.1503869952211323
0.0,0.0,0.0,0.5381855460256337,0.0546770190633833,0.0305885150842368
0.1231919158459305,0.0564434671202758,5.726989994100933e-05,0.165717728237893,0.0003892957704947,0.0406096056271055
0.5572667071376808,0.2388416033072098,8.584878154076007e-05,0.5692622763627523,0.0273095242857969,0.0236940107599827
0.0,0.0,0.0,0.7076061842404306,0.0293458744138479,0.0359970459155738
0.2618559087655466,0.1136078367448718,3.4074544108476176e-05,0.5008333088948714,0.0031496321269795,0.0372534562632155
0.0,0.0,0.0,0.7536105723306536,0.0258131783828139,0.0188984474539756
0.1029498446509608,0.0468739978126137,4.027235647798211e-05,0.2524148073116631,0.0005935603528535,0.0684552835406352
0.0,0.0,0.0,0.584200226161629,0.0337352101132273,0.0475119931064546
0.0,0.0,0.0,0.5569575465656817,0.0533807059377431,0.0195708279497921
0.556880593454686,0.2565888974046774,0.0001269887823836,0.5252192116068473,0.0274960226099058,0.0555592486771018
0.1123910668834079,0.0574725504731187,4.827133847713742e-05,0.0952231276240812,0.0002839947683267,0.1389267212019602
0.0725034383133089,0.0345810363151575,0.0001095660169747,0.0550501164385623,6.670561498111022e-05,0.0273712523171859
0.5588573448096241,0.2622413611066,4.046893728551384e-05,0.5959924167301232,0.0191199383887459,0.0620692704327307
0.5129753282502231,0.2391484085921228,8.244870318726412e-05,0.5806407069625928,0.019607884435618,0.0662036886489332
0.0670574685118883,0.0278628796488953,8.980049332721392e-05,0.0799908958660311,5.624483667151029e-05,0.0100349672339858
0.0677880997411347,0.0375162422395639,0.000116746398862,0.0169668767436429,2.5585649625092492e-05,0.0896538522968641
0.0945486265691079,0.0411594905287256,0.0001000490440621,0.1564886803005179,0.0003457460194416,0.0299776313312638
0.1365413841935937,0.0392725035979209,9.475477936558926e-05,0.021270879499625,1.1926904133812734e-05,0.0001090166367736
0.6086655291107792,0.2765824212385657,7.778775404066632e-05,0.5746641946005391,0.0552157844017739,0.0639593544095728
0.0943266343569706,0.0519881381063259,9.210144289387598e-05,0.0240393783072982,6.397784624906887e-05,0.1430113804793698
0.0,0.0,0.0,0.6624381795618683,0.0448512243293225,0.0680916171241551
0.1153507754130784,0.0543769097672333,4.6387199349943686e-05,0.2115642204991131,0.0006224205174492,0.0821622124941265
0.0,0.0,0.0,0.588764946963638,0.0459486663527786,0.0175999510288238
0.0783288455541894,0.0377257468803692,0.0001207562950995,0.01349569475788,6.082629778609173e-06,0.0060521682111842
0.0,0.0,0.0,0.5663624674547463,0.0661796154268086,0.0755964683089405
0.0441236947932526,0.0217196398701126,6.101587394056605e-05,0.117334429743291,0.0001337495178004,0.0969740518677652
0.0,0.0,0.0,0.5155258423835039,0.0702180517464876,0.0189771912246942
0.0638493713628104,0.0257120707011845,5.5227474198954976e-05,0.4118152508652678,0.0009735719901193,0.0719036058154803
0.4795230214740623,0.223412161269057,8.326101511909928e-05,0.5523558435253746,0.0142687051310191,0.0617598583231579
0.1106546839877101,0.0558453873278613,0.0001097715428775,0.0292002414253532,5.212897173775561e-05,0.0336988247587045
0.0,0.0,0.0,0.5290248266048729,0.0688894464448094,0.0391588910110294
0.1007107145531799,0.0290724282117085,6.993696124740287e-05,0.1654484398964286,0.0001864852814803,0.0026942565217992
0.4338967465788273,0.1976235193465245,6.763249342857193e-05,0.614853591658615,0.0132557296822923,0.0557224391362783
0.1260205222974789,0.0660854321707351,4.545546091632871e-05,0.0290053613632157,5.1117226494964974e-05,0.0901476259273391
0.0778739538557017,0.0391059254265335,9.529132261265737e-05,0.0373128111179064,4.65297617046681e-05,0.0387734071531124
0.0,0.0,0.0,0.4897721163835376,0.0589081048220396,0.0793502268288284
0.4255704047654254,0.1341603743107995,5.441900945818829e-05,0.7287818490175043,0.0265153481082733,0.0093800409332394
0.0,0.0,0.0,0.5048339186701923,0.0428892135247588,0.0686995435412973
0.5491636657786249,0.2486629967360333,5.10490943043204e-05,0.6455265993580348,0.0245886416987489,0.0445111324441333
0.095251429318,0.0299361916078626,0.000101287513751,0.2447570711774109,0.0004625377018868,0.0081546801931467
0.574326867753289,0.2707085653926264,6.0625860871937656e-05,0.536825027901222,0.0227806712793857,0.0679940388171207
0.0,0.0,0.0,0.5007917010877281,0.0363592939265072,0.0661408324260264
0.0,0.0,0.0,0.4816947485599666,0.0785183031111955,0.0567889897804707
0.0,0.0,0.0,0.5284727154206484,0.0326844793744385,0.0444923686888068
0.0,0.0,0.0,0.5998519911151379,0.0540810630656778,0.0740567080955952
0.0411487780492009,0.0202677596864777,7.774067820881891e-05,0.0396649541467952,1.9109712245488075e-05,0.0309099359065032
0.1004804481715013,0.0553855301081675,0.0001039255458863,0.025541095600552,8.400943128194062e-05,0.1508617807185662
0.3588356642936559,0.1591892870463315,5.89382504215534e-05,0.5837798162248589,0.0081747678275438,0.0454505659344496
0.1087414840763045,0.0422295599371135,3.234075636559391e-05,0.5634615173299005,0.0019223298549929,0.0524520851524767
0.1216927782225128,0.0524070103911562,4.494126779266577e-05,0.4809148945927822,0.0023922246830049,0.0869307181914038
0.0945603455691788,0.0273592081840809,3.744888798631293e-05,0.5092898002417189,0.0010336249572882,0.0136582090786856
0.6225877638386135,0.2883303548610113,5.59486063899741e-05,0.5334403149538371,0.0502872108723949,0.0727924324257671
0.0,0.0,0.0,0.5823737256973982,0.0807843768410384,0.0485761415027082
0.1628727849369511,0.0628010164923736,4.075088445996597e-05,0.6416060000099542,0.0041981751377216,0.0451350847679085
0.3183932119942805,0.1420451999764009,3.387422942384129e-05,0.6124416247916278,0.0062920682209618,0.0544558276108431
0.0,0.0,0.0,0.5913959063030779,0.0295203666388988,0.0163471338711678
0.140449094335156,0.0573979803541953,3.059814011725906e-05,0.5930480362608744,0.0028969023441417,0.0626896025911143
0.4276138840649148,0.1992512764882409,3.846910191307623e-05,0.5538539553606241,0.0072689175577478,0.056432964431842
0.0979441065912104,0.0482936546579969,7.962273593926212e-05,0.0523818497357444,8.191737771766003e-05,0.0389798096194032
0.5133500542930907,0.2332143196420045,7.753328660452034e-05,0.6439699349476575,0.0243521865975654,0.0547760444326329
0.0,0.0,0.0,0.5992713830713182,0.0522568241506815,0.0153892250638455
0.4977534276618529,0.2225138597798615,5.682206981403571e-05,0.5502900009590803,0.0112967714025222,0.0273354941319264
0.4926044463438057,0.1675957855303446,2.692993280156545e-05,0.7088477468466435,0.0250116745459307,0.0068233641663412
0.4785681918967771,0.1942990464725787,7.453076415758091e-05,0.6291006345624253,0.0189995080600598,0.0182642603528867
0.0757805089094516,0.0397675634934807,8.345067187353242e-05,0.0688480167024735,0.0001792924478076,0.1382836253578935
0.1098290125334697,0.042839930472105,4.794344900560237e-05,0.0770321376974985,4.3436223209895874e-05,0.0029726357697313
0.1066852433998172,0.0444302635568073,6.0057151118376335e-05,0.4145768690378317,0.0016517580139432,0.0632141770525398
0.0,0.0,0.0,0.551997741088271,0.0256405172124505,0.0342505402117967
0.0380317056104372,0.0203438054386664,9.20573218987346e-05,0.0360458738413825,2.88062175523812e-05,0.079115966176055
0.0,0.0,0.0,0.5443403731752188,0.0768080890923738,0.0717517902608961
0.4014634718601544,0.1134859020861917,5.1184068470959774e-05,0.632445058226946,0.0179187233329936,0.0048681661656018
0.2787581816405043,0.1201845398909431,5.987255516815368e-05,0.5061010749697037,0.0047092553073506,0.0386234365268783
0.0,0.0,0.0,0.620542957438156,0.0838731264322996,0.0650859069544822
0.0,0.0,0.0,0.606203078078106,0.0291619989275932,0.0790076219569891
0.0682982497803256,0.0321221640557622,7.922786266175142e-05,0.2440924067940406,0.0008055673341802,0.1277388378680792
0.0,0.0,0.0,0.7318269232660533,0.0311766180209815,0.0325470321439206
0.0563215889164702,0.0299483712286133,6.593608832912989e-05,0.0476927078861406,5.976882098102099e-05,0.1136821046786525
0.0706295068011313,0.0372476650425732,9.288169963264128e-05,0.0254851244063131,3.15032697678231e-05,0.0619603757852049
0.0979627472657831,0.0473261560968856,9.324725100539791e-05,0.1968769525098095,0.0009275801954241,0.1215088768294671
0.0,0.0,0.0,0.582425815667957,0.031578351072967,0.0242264053411781
0.5950498614399651,0.2678064849424595,3.701901534368675e-05,0.6736138505766379,0.042393078577282,0.0494725557611225
0.0,0.0,0.0,0.6535961171146483,0.0250447927787899,0.0611063873115927
0.1237440038095258,0.050820817777095,6.45950408326368e-05,0.1428454350726786,0.0002107907803828,0.0107000525740878
0.5214433510107439,0.2440767305719776,0.0001001709902343,0.4834435791169496,0.0145190840531224,0.0535013227171517
0.0932634793561677,0.0406702523370294,7.93761837011029e-05,0.2719886746558431,0.0008726777805597,0.0607937589579755
0.0,0.0,0.0,0.5737801389116793,0.0271415232308208,0.0796329055074602
0.0721099901249934,0.0398156607851705,0.0001061706110542,0.020701365237375,3.649268322352778e-05,0.1067920067159355
0.1629809283346744,0.0620800085759469,3.382542339590699e-05,0.602041059437662,0.0030260088159856,0.0345718292619624
0.1264040647111554,0.0650968184963746,9.02241724995304e-05,0.0348219728850925,8.945372863962192e-05,0.0630986813236008
0.0,0.0,0.0,0.6226238128077238,0.0487221722304821,0.0569975451473146
0.1612984179087789,0.0655548103653223,7.771499925097181e-05,0.3856268556310806,0.0020094454160115,0.0334819768595961
0.0983107810673555,0.0512106653203035,5.8114857209677975e-05,0.0437460183840672,8.192817106571215e-05,0.0951169016556581
0.1280242893926906,0.0383583235796113,8.216066123666212e-05,0.3611815709455491,0.0011565902888206,0.0086072071356402
0.1159943618765037,0.0451333529373534,3.531983276169995e-05,0.4529717378122672,0.001220627993973,0.0350658960270642
0.1344122506006735,0.0389708873728098,8.149566220306967e-05,0.1840075421317246,0.0003640909135509,0.0025523412706248
0.0,0.0,0.0,0.669053664887324,0.0397481515817344,0.0736390459630638
0.0,0.0,0.0,0.5242834252677857,0.0770943297445774,0.0438000530190765
0.1027802525699003,0.0436800957555695,7.444265724590544e-05,0.0930527360264942,9.888717653365464e-05,0.010018449912892
0.1139487140745682,0.0591278503711419,8.694567543587295e-05,0.0172251312870678,2.4787108193503925e-05,0.0395930541942482
0.05812651752642,0.0260694909478746,7.945749655166228e-05,0.2788045062030308,0.0007407375513229,0.1046239937386828
0.3843434071121849,0.1781837940950053,7.409632212001105e-05,0.5301158585976965,0.0089804276598165,0.0679329905337367
0.0486341656009316,0.0236549080267729,9.751172686594494e-05,0.0873905772688972,0.0001113539196086,0.0632271641116335
0.1959601682858804,0.0860939982898178,5.0922614602334654e-05,0.3910749441413969,0.0021605662505337,0.0486334813685041
0.4710840463226163,0.211960222144257,5.858023657792616e-05,0.6496389503067759,0.0160227596089061,0.0457483318521193
0.1603329828739023,0.0651896045507479,5.172125884232507e-05,0.3730422946666845,0.0014171811588903,0.0281970562435486
0.1178515230527435,0.0621161871502412,6.857343337903402e-05,0.0244834958000442,4.8433371678032605e-05,0.0790940875860815
0.1621378040157375,0.0518984661376516,6.653978808662188e-05,0.3223135959913941,0.0010886369632222,0.0065245969980902
0.158458061651647,0.0312843252936839,5.571607142542788e-05,0.539412913986835,0.0030421701317522,0.0040529548776852
0.159926726266934,0.0720001313022,6.471085241409727e-05,0.3780943444741961,0.0024369907937069,0.0807435269685012
0.1026915870221654,0.0218135473488069,7.52234693533478e-05,0.280838005070382,0.0005322911239323,0.0026426433315003
0.1104959593720593,0.0598205429668204,0.0001184114374862,0.0118076657256232,2.4291028667497265e-05,0.0665773957110604
0.0629737845716829,0.0349388362487708,7.898996045224199e-05,0.0253860048752868,3.627711187789012e-05,0.1299597208497787
0.1123552032156503,0.0408268273677397,3.482653169895974e-05,0.6173597484709323,0.0023523908157772,0.0420217179565995
0.0,0.0,0.0,0.6950681338179856,0.0343295549973845,0.0565948864351958
0.0601485974796107,0.0343718194910096,7.961542608846336e-05,0.0204011464378997,2.904561013301562e-05,0.1586199485173897
0.0618036225208598,0.0289936857622065,3.907673185941632e-05,0.2298874690059562,0.000380844549006,0.1101145418227882
0.0,0.0,0.0,0.5354424191545695,0.035984200630337,0.0753948567342013
0.0,0.0,0.0,0.5779833721369505,0.0776399631984531,0.0214930708147585
0.0,0.0,0.0,0.5488940743170678,0.065598539430648,0.0290530544519424
0.0,0.0,0.0,0.7125532411970199,0.0275528459064662,0.0546314284950494
0.4362459486687265,0.1615862440972369,4.48751317928106e-05,0.5460750730333679,0.0098435842713577,0.0069064512988667
0.5641097959026197,0.2591062552955181,3.668360317761548e-05,0.6825728941603004,0.0288457788498943,0.0578543851058562
0.1127957146675253,0.0420989455558096,8.578727021609872e-05,0.3473350498064931,0.0011432739002746,0.0247084739585985
0.1906141117058869,0.0812338661758822,5.429995535614304e-05,0.5692947149654283,0.0050032319255436,0.068919070501152
0.0,0.0,0.0,0.6757067965902388,0.0319900261238217,0.0438745900429785
0.0399595226934446,0.0220546157186304,8.130445604526724e-05,0.0782593323013834,0.0001420526653088,0.2169359557396891
0.0,0.0,0.0,0.6601838870160281,0.0335606579855084,0.0321599107794463
0.1295204308930439,0.0681510899625472,0.000104002137099,0.0233219851824727,6.513347356339964e-05,0.0709828677407213
0.0,0.0,0.0,0.6406048155389726,0.0772173364087939,0.0639833415485918
0.0701273127081352,0.0287876028088447,5.546442522516469e-05,0.1836671187587015,0.0001919903964506,0.023851405752259
0.3193524334269553,0.1342252241587358,5.403083940114914e-05,0.5481519168575592,0.0056225677429551,0.0272471221995105
0.0460462981928405,0.0239124316362203,7.099893022056094e-05,0.0994273805553204,0.0001606166930863,0.1492591095328291
0.0,0.0,0.0,0.5873127174470574,0.0287515304237604,0.059351293919608
0.6266863428293761,0.2382655439242339,4.907236478237303e-05,0.5561453466856486,0.064961303739548,0.0123536321084315
0.1185065822779708,0.0612869468907098,0.00010317165827,0.0329580770974377,8.629739654023938e-05,0.0636961968669806
0.0417432226940548,0.0236651504295894,0.0001029381533507,0.0293148653891358,3.5504162023234026e-05,0.1359404428803556
0.054994119183267,0.0241915623357669,7.157316881984396e-05,0.1449604905383827,0.0001562238448316,0.0387121801699219
0.1007986689216957,0.050102417395686,4.336007575443901e-05,0.1347389335136046,0.0003383518095649,0.1177377501652755
0.1230664831115416,0.0659745220141233,8.249567630098832e-05,0.0237335210107795,6.627356293164297e-05,0.1073405076440762
0.2191266525317782,0.0668016182983004,4.5600382931803166e-05,0.5890621539326026,0.0044564448789696,0.0094190051689534
0.0,0.0,0.0,0.5559177047386765,0.0835299713164568,0.0395614493265748
0.0,0.0,0.0,0.6405099416803568,0.0384514479711651,0.0849388000089675
0.2766928882100821,0.1115710601331402,6.743459590602883e-05,0.552863480834133,0.0057190057442247,0.0268989542872315
0.0941848002068941,0.0474984986807239,9.535603559522884e-05,0.059582620656589,0.00013862002309,0.0667430390004785
0.0923954498928953,0.0490494226422421,7.710371170174834e-05,0.0275930654024262,4.927682375035353e-05,0.0867221326836003
0.0827621446509777,0.0399272702819405,8.264340646853904e-05,0.0405356305858201,3.6919421380898765e-05,0.0209110148178729
0.0,0.0,0.0,0.5125800377782433,0.0328566531650722,0.0832358591165393
0.0699693652718053,0.031747092596329,8.043413534090746e-05,0.0319868331175043,1.302845321690671e-05,0.0067406983029734
0.0,0.0,0.0,0.6072286313399672,0.0356837062723934,0.0483600781671702
0.4254235382003319,0.1929376674501069,0.0001079426347083,0.5211675467340102,0.0109757128891754,0.0459938034008213
0.0,0.0,0.0,0.6439319322537631,0.0303374091349542,0.0220581415202468
0.0470456168843312,0.0241544832800811,4.808906275562192e-05,0.0725088997561157,6.281986788048144e-05,0.0993206554033097
0.0,0.0,0.0,0.5959862620849161,0.0507580511830747,0.0558632083330303
0.526814153015334,0.2255744762822469,7.567689441501635e-05,0.6363283640501571,0.0257185174070824,0.027619323564739
0.0,0.0,0.0,0.5027404427528381,0.0692479008249938,0.0461537223868072
0.5973235701257216,0.2447232154432931,4.681531599004952e-05,0.6410899531402141,0.0490147090694203,0.020401788099777
0.0985128800855844,0.0382970326549411,5.8312007219050566e-05,0.534036922463875,0.0023591802255628,0.0628427781050458
0.5874381315161676,0.2220136751558298,7.137757720103472e-05,0.5321548636608281,0.0397448636597866,0.0097602644751633
0.0,0.0,0.0,0.6296618824172765,0.0788146203756332,0.072134796930477
0.3723683187189213,0.1423562117284002,2.9142328431266016e-05,0.6951094231163479,0.0094682673153992,0.014271465075732
0.1200252239699846,0.0517694423728433,5.467262365226563e-05,0.3531731705517532,0.0013119492005269,0.059021895571783
0.1185006365050773,0.0571785369402307,9.971724320802198e-05,0.1701800628906845,0.0008431569422853,0.0956923014450562
0.0,0.0,0.0,0.6186573333200067,0.0822836490347981,0.0550510042253881
0.3616947064812194,0.1620587692068817,5.709995968554457e-05,0.5792893122169319,0.008095837423433,0.0494913938782702
0.0,0.0,0.0,0.6655684797465801,0.0634774393215775,0.0477162976562976
0.0,0.0,0.0,0.6461740515381098,0.0386342930421233,0.0393631434068083
0.0766603906575128,0.03328397134043,7.971272634143196e-05,0.3036822302652211,0.0009479737174177,0.0775145163560801
0.0,0.0,0.0,0.5882482044026256,0.0811921032331884,0.0289258195273578
0.103481377242352,0.0327156309231227,7.466074751735319e-05,0.0217763470481163,6.150597479943898e-06,0.0001920660838273
0.0438219004286177,0.0221174350727764,5.620636458090199e-05,0.0445580885706286,2.298719696540441e-05,0.0478574898744201
0.0686519606362866,0.0313739671837019,4.751579380920593e-05,0.2999055140034918,0.0007430971007884,0.115906922753746
0.0,0.0,0.0,0.63120993998833,0.0268096241168677,0.0503195116389542
0.0690921136630257,0.0306495496550415,6.340411251307493e-05,0.3959295776478132,0.0015197743494729,0.1336237987992046
0.0,0.0,0.0,0.5191224924102426,0.0736822861805558,0.0269892636314034
0.0,0.0,0.0,0.5849664400704204,0.0435404138639569,0.0419985129125416
0.0,0.0,0.0,0.6308724913280457,0.056946122739464,0.0798350404482334
0.1060639148854846,0.0496542877626146,9.768379262154067e-05,0.1452954455430244,0.0004618476098695,0.0560571075107598
0.2223134091456376,0.0973587866894352,3.600959960167242e-05,0.567318673456222,0.0044077446237575,0.0659947854232847
0.1002689010804805,0.0429644262068149,6.088985769009087e-05,0.2508180599750224,0.0005928097250787,0.0409979977026928
0.0,0.0,0.0,0.6735921415500343,0.0533199076354503,0.0392167408205568
0.0946599417374484,0.046641150805088,0.0001080102266598,0.014168519985773,9.180659441000846e-06,0.0095324489715767
0.1772273424649488,0.0728062954289893,4.356483933078681e-05,0.6090556432927358,0.0045407701452665,0.0586879797115644
0.570144621851253,0.2178016108316506,0.0001166700480507,0.5396028663538961,0.0416425796058693,0.0132932766310164
0.0,0.0,0.0,0.6449648782890289,0.0445068542286753,0.0794253594521433
0.0979161275649054,0.0424793503012437,9.032735776783466e-05,0.0807667132366222,9.166953615186266e-05,0.0112644548405605
0.0,0.0,0.0,0.6133715386223049,0.0779866668768227,0.083160728579387
0.0,0.0,0.0,0.6139343078341335,0.0520230661146342,0.0813531052228063
0.1368720426674879,0.0603985610063945,6.563482530616205e-05,0.2283968843919946,0.00071785561184,0.0374624948331489
0.0707833583028429,0.0295946424482568,0.0001123490807142,0.154871745015068,0.0002575694318941,0.0267514279688723
0.0,0.0,0.0,0.6477961583435535,0.0592551428824663,0.0165535704791545
0.110187016181581,0.0289992586147759,6.524225920843795e-05,0.0205139767008721,6.550506958948044e-06,8.04147345005446e-05
0.15038660798786,0.0560630085181658,6.013813702921709e-05,0.5510485313194708,0.0031718950835637,0.0343670160008396
0.0407876689061977,0.0229247033340995,0.0001028757789049,0.054789943222581,9.904747901616173e-05,0.1925585927435601
0.0,0.0,0.0,0.5239058697130532,0.0382780997082591,0.0652799331117421
0.0,0.0,0.0,0.5865161421429366,0.0731031538918614,0.0689016797859221
0.1171807883402459,0.0554531566192902,9.072415431640088e-05,0.1594527005987633,0.0006030993310227,0.0676342940190399
0.0,0.0,0.0,0.5080315768998116,0.0664500227756798,0.0812786433007568
0.2491536444440666,0.111695091563821,4.230212134915453e-05,0.4043640137417925,0.0024212004939795,0.0450182448214001
0.0,0.0,0.0,0.5282377313356846,0.0410579621978104,0.0698296120669692
0.084287609975068,0.0286845831329276,7.319662551755733e-05,0.3802298245037395,0.0008558699949442,0.0223432112545032
0.1875056132872487,0.0820472637303735,4.163078312086957e-05,0.5728565932104945,0.0047517038471373,0.0855490707804981
0.1325039090719329,0.0603322752119562,7.365453923482019e-05,0.3080309493041216,0.001652098454346,0.0840290398627834
0.1166712765824643,0.0560298507832371,5.54479237411782e-05,0.0760685934869265,0.0001149423257927,0.0331095540951721
0.0,0.0,0.0,0.5433782573323697,0.0518504009209573,0.0660117030050605
0.0733033504742825,0.0321089999993788,8.72575332025627e-05,0.2823925102983528,0.0008708960955625,0.0791952451401586
0.1645771045807692,0.0416858465461817,4.6248894506847006e-05,0.4562506780608931,0.0019172779898136,0.0046719124560512
0.2768300725127037,0.124051072198443,2.4065529690505265e-05,0.6109436184208413,0.0048814701431661,0.0647840526309679
0.0805750679518901,0.0336623236796926,3.063147437154489e-05,0.4334276270419612,0.0009401010585223,0.0724402978381046
0.0994815893952212,0.0434021920899075,9.3236075901077e-05,0.1429274124653832,0.0002880604477105,0.0255965368232244
0.0896126091133777,0.0349773496756877,0.0001198395836648,0.0225376875854458,7.650479619526057e-06,0.0009090772691146
0.5650805530191716,0.2648178392236465,6.489225472028737e-05,0.5763850628793085,0.0259164040892072,0.0700883162884439
0.0,0.0,0.0,0.684300317056477,0.0548504232056439,0.045938327666372
0.2617760483907296,0.1084157479731647,6.451886915139957e-05,0.6043334738787132,0.0069617094201263,0.0416552029001678
0.1356116936806742,0.0565182569000576,4.68518043096056e-05,0.4791952073202224,0.0022754653776656,0.0595015560665346
0.1273549114030445,0.05420161310079,7.234514547173599e-05,0.0366086618937139,2.0570587039157876e-05,0.0022499942573488
0.1242356557046219,0.0586097861510624,8.708360108746251e-05,0.1994073943663424,0.0009193734620233,0.0813001588028792
0.6158020688578608,0.280527802396727,7.775094646375293e-05,0.5248524834998747,0.0487582485425654,0.0566780841950676
0.2498645455334717,0.1074695390815491,5.797738131322845e-05,0.4107072819349292,0.002718282411154,0.0312978710109613
0.0984515463080778,0.0313285526060731,4.576866540166929e-05,0.2264291754711829,0.0002438356745932,0.0053627386640217
0.0400781845644471,0.0234803520902425,8.152781942636309e-05,0.0253120313081509,2.7352934233532784e-05,0.1796583539386535
0.5639286582236492,0.2601168581063682,5.0555141399996814e-05,0.581681563452657,0.0208965523519154,0.0470773167152112
0.346869708989208,0.1260421609970704,3.806804222436631e-05,0.5224897981742914,0.0052633290699279,0.0073915088073357
0.0900688235756478,0.0482264431770657,9.502964340862513e-05,0.0401288606044715,0.0001129624014367,0.1275678128125532
0.0,0.0,0.0,0.6217430093698204,0.0849867460317909,0.0303821241110563
0.0988205732233309,0.0513258600823261,9.632132419540015e-05,0.0592998325231099,0.0001911852847378,0.1099513373934932
0.103551240275137,0.0483110103541179,9.118424723001956e-05,0.0215837525604379,1.1751805308184886e-05,0.0049842433442321
0.1081570481472127,0.0302819126830044,3.470209889661753e-05,0.483754589475904,0.0010178883147488,0.0095051204818489
0.0884035399703089,0.0440491441693225,6.413909819774309e-05,0.1201719790696093,0.0003208305619348,0.1111265156107476
0.2761222585245803,0.1038731859080459,4.6022099970504335e-05,0.6929410286983383,0.008236265834285,0.0242129393871537
0.0,0.0,0.0,0.570300727719441,0.0725094741396606,0.0796908909175545
0.0,0.0,0.0,0.6849045084230602,0.0687121463939547,0.0195085773803293
0.0944386463189578,0.0469927426571062,9.951365551153048e-05,0.1144875868344907,0.0004181035760927,0.1033512429683063
0.6336301671505494,0.2882384200930049,6.524455814156556e-05,0.4955737984916104,0.0599952998418839,0.0600501942383631
0.4645018452171329,0.1909230942330828,9.23005964334576e-05,0.6279978318664754,0.0191592385906328,0.0223310709412488
0.5631681804235106,0.2466142212619498,5.655437390219018e-05,0.5982405613440971,0.0248554901152325,0.0265158823169038
0.5737637946904576,0.2628602585243376,4.535392073754206e-05,0.6305823725776634,0.0279820204135439,0.0507872603431218
0.1288553285265681,0.0641425307074804,5.8830015391181965e-05,0.0934037851997602,0.0002700264557917,0.0804330500902207
0.5907720466725673,0.2755015007256996,5.768641107583605e-05,0.608911424565078,0.0411132466406199,0.08131231970006
0.0,0.0,0.0,0.5715478391014039,0.0262193928472697,0.0455778394266963
0.0,0.0,0.0,0.5125679261889309,0.0427792612276971,0.0800334777962416
0.4833472644321324,0.1902933476335983,5.639886592104005e-05,0.6298080316047214,0.018043294288049,0.0131950939635965
0.1219639530768752,0.0570514022680233,8.258035656220644e-05,0.2229036519217989,0.0010308338692531,0.0835125851353822
0.0686112730265925,0.0352603254419969,7.011776816816981e-05,0.1017772514632168,0.000244245039256,0.1447175279642879
0.0,0.0,0.0,0.7062872433289886,0.0299242853559553,0.0427530716545879
0.0965636704126324,0.0431202162689766,6.512352718735813e-05,0.3221264266268367,0.0012401134173991,0.0890193775444614
0.1220712654625451,0.0579028463945109,3.590522469084178e-05,0.2677308129100324,0.0009223489735791,0.1118260203111588
0.1011406533889733,0.041277343630934,7.521586632758133e-05,0.1875436880009278,0.0003349176046638,0.019156792126817
0.1924763765609325,0.0831745811664488,3.2637031378959225e-05,0.5209389064658145,0.0029502105104061,0.0578466204047905
0.5151866540843448,0.2193753931373722,4.717965269828608e-05,0.5514763437257808,0.0125198517087707,0.0147030456566148
0.1179589228626909,0.0419727043363896,2.6017837736932784e-05,0.5293171117649935,0.0012768903128688,0.0240575481667379
0.2091249163163478,0.0423071979627715,3.1065554988874744e-05,0.3948655115360238,0.0020708209401791,0.0014192628533694
0.0,0.0,0.0,0.5872111987043171,0.0745920183882117,0.0595624818932265
0.1122218871587151,0.0392927870316105,4.870459240561886e-05,0.2702605141971021,0.000431055800973,0.0097712933609254
0.1103280028098555,0.0421717632440052,5.730198961468624e-05,0.2887159751660669,0.0006010466253594,0.0191201782242052
0.1255100822479455,0.0584942729569114,9.06393367960019e-05,0.2411679682202244,0.0012796771115968,0.0873783407721606
0.2268605199306667,0.0447751722412902,8.163490793921537e-05,0.4045450894668323,0.0039153689006094,0.0020184398201034
0.0838034153690061,0.0365598752668285,4.452191028856139e-05,0.4629663826319084,0.0018475184431057,0.12186771343676
0.5095857344473417,0.2367392470864511,8.635168565078069e-05,0.5104463483935627,0.0136337436690013,0.0491150314010322
0.0,0.0,0.0,0.6102457604557275,0.0575258191861212,0.0160644468478858
0.0,0.0,0.0,0.5424422474578023,0.0282553861290216,0.0421278256550431
0.0919644841408949,0.0362377578054774,5.886084337528812e-05,0.2167171224769338,0.0003140282527447,0.0182910085642941
0.0917708901789748,0.047879808692476,5.671226681755537e-05,0.0591830463934389,0.0001284409997638,0.1239652888290085
0.0963215890538659,0.0492080213535409,6.910722167010157e-05,0.030671592546464,3.904039578006557e-05,0.0457478788464308
0.3296147631828005,0.1322962894670336,4.06249066523112e-05,0.7116991472330164,0.0099652684043168,0.0283248003508678
0.2340699383286136,0.0881066596485299,5.413421628250052e-05,0.6077912181021468,0.0053944741691467,0.024413338032176
0.0,0.0,0.0,0.6064796064142137,0.0321723597869277,0.0716773825790733
0.0,0.0,0.0,0.6407572837173939,0.0353920238651335,0.0287141736410558
0.2173650047554814,0.0889291337270797,2.7468452222445023e-05,0.5321139460408558,0.0025696256612108,0.0291482437838597
0.1576500574291623,0.0659846110240695,4.208847806936084e-05,0.4248008022448298,0.0017430550053356,0.0419174357285553
0.3475389939912217,0.1494371683297809,9.458860815702335e-05,0.5200068052501878,0.0075774957361092,0.0324672332085049
0.0,0.0,0.0,0.6154461951553821,0.0832366889715194,0.0199091246351599
0.0,0.0,0.0,0.6719788859318941,0.0423658136837184,0.0603746129851788
0.381313685616098,0.1635495082796126,3.795788497635432e-05,0.683593933796896,0.0099509693272892,0.0341801150867829
0.1602897652809145,0.0667849606179588,3.45342873582588e-05,0.5820286422319854,0.0033889675598715,0.0634492577977613
0.3592636696009836,0.1451766730486821,5.247177619664464e-05,0.5659516369646037,0.0068059306618365,0.0173199064856692
0.4713139928579812,0.2173991995492011,5.78682241480112e-05,0.5932368754151164,0.0127346314292341,0.0537214550339251
0.0,0.0,0.0,0.5810795911122113,0.0685438961163163,0.0649394790735095
0.1048698865081844,0.0488253269696852,7.888574183812573e-05,0.1940249821275357,0.0006630329879539,0.0722044246841336
0.0,0.0,0.0,0.6107971790805459,0.041826743427664,0.0451750891841948
0.5953537835298968,0.2672670561468888,6.749781138747692e-05,0.5395629377516663,0.0315509206823834,0.0358067593401453
0.0491969822515593,0.0272306120460587,6.118211656347812e-05,0.0265192989459027,2.2353198399924223e-05,0.1172678611708435
0.0817459681319101,0.0427312337632094,0.000122482774736,0.0236229723950001,3.7789500148840624e-05,0.0509664087592434
0.0709690720458458,0.0339252167381473,6.004983690412603e-05,0.0440595136376954,2.6379175175589294e-05,0.0197910959861457
0.0995851603249733,0.0501563046267929,4.890950615544175e-05,0.0797606872065344,0.0001538102136091,0.087779592051785
0.0993131707117378,0.0430112324055677,7.843487191161794e-05,0.2541497756140907,0.0007629115094832,0.0495911701344615
0.0680213836341639,0.0284199377622663,8.520940859763496e-05,0.1590005052170734,0.0002106073259705,0.0261753916678522
0.0562358784840095,0.0264678857131109,6.312537794386144e-05,0.2723162959347531,0.0007439414346322,0.1513765076484883
0.0,0.0,0.0,0.7189420038089156,0.0496442065015435,0.0221389893814921
0.0,0.0,0.0,0.6909739308245479,0.0352819695323705,0.0225394534505903
0.1284336399315948,0.0329923660597174,4.455766095981442e-05,0.6663037547159151,0.0031106444609942,0.0128423281327277
0.1313382118020786,0.0525129851358115,4.675172680714428e-05,0.4603514267672197,0.001794228318317,0.0419284904416533
0.0,0.0,0.0,0.6948734019324183,0.0651840890198946,0.0376855046674609
0.0,0.0,0.0,0.5998329058941454,0.0705615430325269,0.0763733234349638
0.0863217313254548,0.0330012716979307,4.75412378889027e-05,0.6131707349579635,0.0027110124525831,0.0771436659649801
0.0996863171514073,0.0506132088889373,7.196582869438466e-05,0.1119638289381908,0.0004059775693156,0.1376167422305661
0.2629429048675278,0.0956284166487126,8.315863116024049e-05,0.4879017320975403,0.0046461854352297,0.0134897696173315
0.0484048011811138,0.0244050728149384,0.0001180504097029,0.0363739520255498,3.164461519792445e-05,0.039213202401312
0.0556412886721995,0.023074638830237,6.872224768990832e-05,0.0317589245873921,6.262020088562692e-06,0.0028450403992258
0.0640829540180246,0.0356552728420614,9.370026553999128e-05,0.0351551912523547,7.517228104048914e-05,0.1653259245053536
0.1075245315371798,0.0492834071949603,4.1595168464282845e-05,0.3528986899257298,0.0013729620586079,0.1132425672748564
0.5715933664420165,0.2623823083050348,7.944863051809032e-05,0.6059417351728602,0.0360408826608661,0.0626927657937656
0.4381998160050559,0.1821882199080339,5.357006083707259e-05,0.6937953955787314,0.0160907112808161,0.0256724299518345
0.0,0.0,0.0,0.555506597654894,0.0483176946081221,0.0828181218821555
0.0583221917902325,0.0316777844876607,9.535351430368398e-05,0.0256519193296271,3.1685297913865065e-05,0.0890967467580329
0.5909556826239484,0.2707015579235789,5.561459083164165e-05,0.5928512039537069,0.0340363387014941,0.053165742714633
0.0538929246278337,0.0301987985533812,0.0001113926091163,0.0236965790788024,3.440337444771211e-05,0.117378134779701
0.0,0.0,0.0,0.6662797425501048,0.0633531738631427,0.0407210907712578
0.0,0.0,0.0,0.6550002834387123,0.0676209463179111,0.0295415232889354
0.0425760329057896,0.0226826469709685,0.0001121011221161,0.0170035681332666,9.705205900473798e-06,0.040015199087775
0.2871427459302504,0.1255912440140296,3.25785877261565e-05,0.5860175202626816,0.0048764557611176,0.046021640096854
0.0,0.0,0.0,0.5562000921089202,0.0679657018184662,0.0751122343819588
0.5477252180203925,0.2608850249496728,8.70101606805896e-05,0.5093874187919006,0.0204246056933324,0.0824152760388309
0.0578920009515884,0.0263865023510208,8.9308445316659e-05,0.12212872067266,0.0001632211620058,0.0444160421500481
0.0743930594622625,0.0279905389645974,8.954282603341287e-05,0.0514761550686609,2.1519292807286452e-05,0.0024186256656019
0.0,0.0,0.0,0.6570228726044297,0.0281458381190896,0.0656598223373294
0.2916327523454765,0.1296879427029664,3.558230051792244e-05,0.6613056615081503,0.008041791754602,0.0712862053659674
0.0517836233283075,0.0194269432227683,0.000101929891935,0.2299358656108092,0.0003095269704888,0.0282943821681524
0.1315261289081948,0.0646472973022664,0.000113593636196,0.0472234532715715,0.0001138884583954,0.0312529889819928
0.0,0.0,0.0,0.6106049508694558,0.0481431983597576,0.0631617917586118
0.0740797987016452,0.0271274247953346,7.502895507591988e-05,0.0568566871985016,2.1579333138621596e-05,0.0022089793518497
0.0,0.0,0.0,0.653349104328081,0.0286115785688161,0.0537737947423011
0.1488665507216461,0.0377021536549078,8.205717565302097e-05,0.2842304004284782,0.0009393940130394,0.0029961153792943
0.0,0.0,0.0,0.6080926570948213,0.0763939729519188,0.0626108843367546
0.1251911966711704,0.0608227841970675,7.347277835560002e-05,0.2021720751358009,0.0010541168082777,0.1221720274647067
0.5951548292917527,0.2615089045752367,7.738581278115537e-05,0.5621591075080024,0.039178239868875,0.0334815351474537
0.056070404567615,0.0277856763682194,6.852439766447342e-05,0.0971645169954245,0.000134723731372,0.0852741378313845
0.2977502368931818,0.0930604579859742,7.102790078415829e-05,0.4952630125463786,0.0059879118626121,0.006020937682986
0.0,0.0,0.0,0.5769104503747076,0.0284381704032421,0.069117205934599
0.0,0.0,0.0,0.5929871973302214,0.0644293750822544,0.0817626519221812
0.0917397514566269,0.0447109700965064,0.0001214389768269,0.0532723055686545,9.928744830637064e-05,0.0342236694459881
0.228657998914535,0.1011347963714367,8.232664130365476e-05,0.4634194263244922,0.0047313321713734,0.0633124107102574
0.0,0.0,0.0,0.6429580166377127,0.0715582004375755,0.0453788043931126
0.5330279165848213,0.2449924255385749,7.672934016606089e-05,0.6377327249561084,0.0280272472845384,0.063961016645292
0.0,0.0,0.0,0.5638229180965573,0.0536812588572502,0.0648773661907762
0.3552878563199413,0.1263554436586183,3.5508268946618095e-05,0.5985156771897329,0.0073611454464776,0.0082671931683698
0.0,0.0,0.0,0.546707481732592,0.0486621209233999,0.072336944648996
0.0753923680884961,0.0379107020185962,7.084144087240901e-05,0.0826105740323271,0.0001554845320338,0.0878997056567025
0.1286699827805591,0.0545035766025388,8.449203591077106e-05,0.3698108106965355,0.0019201010750332,0.0565682727593483
0.135877675754078,0.0586852378606853,5.585905843350466e-05,0.3860714344054079,0.0017571980263634,0.0610712208683735
0.1308841357115265,0.0540155593291574,6.9492904985526e-05,0.2422889813597725,0.000651268459231,0.0229628716973851
0.0,0.0,0.0,0.6157578447088599,0.0473043791204691,0.0434547580406069
0.0,0.0,0.0,0.5290633588377386,0.074295761026442,0.0792232086043805
0.1733501272679059,0.0466283929009313,3.960563033696829e-05,0.5881919001125913,0.0031640721544203,0.0078797985522656
0.1464525341327359,0.0687690106337646,9.155531502866002e-05,0.1311938704078691,0.0004623905953817,0.0415387280610773
0.0,0.0,0.0,0.4467401243094354,0.0817506464384496,0.0816962305922061
0.0474081812423459,0.025254985214323,0.000117662040938,0.0435310183686061,6.158671664602364e-05,0.0933599973724246
0.0751018601484588,0.0235998955119258,4.797439264046256e-05,0.0584724666917165,1.5429539916650414e-05,0.0008811912498908
0.3575399471602497,0.0980468739996512,6.418387694355334e-05,0.5790367292435022,0.0128738228634907,0.0045519766278731
0.5493833451871722,0.2205752057196091,5.262874670597936e-05,0.6991691687838567,0.0389975219952865,0.0201747866610195
0.0,0.0,0.0,0.4936991321947426,0.0783937598206102,0.0635022653546184
0.4260977363263197,0.1880218731631207,8.685846610172509e-05,0.585973276047654,0.012412351088988,0.0379820901956434
0.0,0.0,0.0,0.5233199465740472,0.039808893110603,0.0582936383131891
0.0487845112709705,0.0217846922094661,0.0001033241393622,0.0159811613765828,2.829466540470735e-06,0.0029524713981568
0.0649864140469611,0.0332623721001959,6.163223686221528e-05,0.0832767602007295,0.0001394498419408,0.1136252132598882
0.159462380398596,0.076581127579196,7.240523732610897e-05,0.1689890767247703,0.0007862563763003,0.0734556952116709
0.0916354520021317,0.0449942717533847,6.202141540385279e-05,0.148010618545144,0.0004286326880691,0.1105900222265632
0.0,0.0,0.0,0.489513380639255,0.0755890091694891,0.0827811714448034
0.2608280530345957,0.1009677797169483,3.622503456339109e-05,0.6587467782838742,0.0058829528870581,0.0252973223214362
0.0761037734912502,0.0333638923033217,4.4568321930997584e-05,0.2784560098843225,0.0005239898924838,0.0658481796213226
0.5963754691666119,0.2725151315476763,6.857079731780141e-05,0.5600369029971138,0.0362407122859611,0.0517679768450929
0.3885953271966635,0.1616781425214023,4.6460719376069976e-05,0.7186746319695153,0.0135354363437631,0.0313075150548617
0.1241018892453735,0.0532896694041457,6.378940751982059e-05,0.2997539435252733,0.0010331190470424,0.045257208144662
0.0961230469670077,0.0469110851564278,8.118521437876051e-05,0.023434379053894,1.689766426595657e-05,0.0131652138822281
0.0,0.0,0.0,0.5580812692269683,0.0314683549664914,0.0171994872204959
0.0,0.0,0.0,0.6591141526121647,0.0586967427283525,0.0687746198382228
0.1051299666169786,0.0398761967001872,6.842729364003273e-05,0.0697149949856562,4.424084229474878e-05,0.0025609546371371
0.0755092630935904,0.0350407435209157,5.837247811233378e-05,0.1001166540229437,0.0001084489283766,0.0343267261091404
0.0,0.0,0.0,0.6579430096410215,0.0723417831026017,0.0353142108768224
0.2409211323630843,0.0623005734016277,4.699236366980947e-05,0.6830967598392479,0.0081920738211536,0.0074526151513437
0.0973110625348859,0.0469246915180956,5.107559344687599e-05,0.0506728310108268,4.396459266104574e-05,0.0235997595001449
0.0,0.0,0.0,0.6155033157486469,0.0323475990071892,0.0520185261126607
0.079164215129502,0.0282218089563479,6.683104238157184e-05,0.4897533353109032,0.0014714622086053,0.0428636879581636
0.5365434286222296,0.2470548131291983,4.275981369012598e-05,0.6347157721920723,0.0187075488819103,0.0499225530542039
0.1026678895765465,0.0388872710954454,5.5807155027154975e-05,0.0897521213211856,5.84155823866242e-05,0.0034427903985561
0.5943450889458302,0.2635760355762127,4.0036483828342e-05,0.6579575803726235,0.0403853993749937,0.0391284752568544
0.0,0.0,0.0,0.6549296005442738,0.0421833061240613,0.015870285090059
0.0448164378238289,0.0222250334251156,0.0001168829504699,0.0611316159011577,6.778743808167481e-05,0.0545062626264515
0.0729656240179156,0.0391076926440818,0.0001038542598026,0.0652451445668931,0.0002117392300496,0.1684641648491425
0.0636183999061354,0.0295090722188046,5.198623942093028e-05,0.1227522073301669,0.0001261970091,0.0464680028673659
0.3659499444571783,0.1597441032277891,4.141807206170079e-05,0.6746234624429744,0.0098864000994379,0.0438735605796505
0.2178672133264645,0.0924581234914586,1.6362043317755297e-05,0.6926680007749938,0.0043372344951722,0.05744816792506
0.1167412886613359,0.0544111333576116,3.999933613997141e-05,0.210974478603523,0.0005150294986361,0.0673338297099709
0.0,0.0,0.0,0.6054483410250395,0.0695916200987994,0.0585021777730435
0.0,0.0,0.0,0.5136252513807267,0.0624895401671528,0.0713342449534684
0.6120123864033784,0.2740508561194941,6.749503633200533e-05,0.5819476108066973,0.0544357555796866,0.0513697106952784
0.1310232519233882,0.0270609753198141,7.178355098734451e-05,0.0642897461708715,6.984767165024719e-05,0.0002035589606948
0.0374046040094701,0.0170080048170086,6.659071309215787e-05,0.2216999128001708,0.0003005764002559,0.1011242913822794
0.1091315094998531,0.0477681714410185,0.0001186767948302,0.0305023456412956,2.110743296262628e-05,0.0033178132238821
0.0554426423520731,0.0289579765323814,6.10125456008832e-05,0.072072841001273,0.0001026900633182,0.1272265243749939
0.0,0.0,0.0,0.5182424139976501,0.0495852392539382,0.0374865322187542
0.581235659469006,0.2719763398788455,0.0001128255113993,0.4909774866817264,0.0297045564416718,0.0663618783376465
0.126715865160167,0.0624593625364265,9.151943639327666e-05,0.074027119279564,0.0002162904652453,0.0532806186808836
0.0779800519655425,0.0324583188521788,3.88718505100591e-05,0.4659801054748989,0.0013159573158253,0.0863883258523542
0.0591154801269991,0.0290006089870705,0.000110156233011,0.0946044675188064,0.0001801733956254,0.0746433070010043
0.0,0.0,0.0,0.668229434164241,0.0610344727896154,0.0630136014614254
0.0,0.0,0.0,0.6256260026432574,0.0797366948798298,0.03783182406798
0.5176294409313433,0.2349770782208146,5.264319856302336e-05,0.6777746173249424,0.0230061457416104,0.0521894466634066
0.0,0.0,0.0,0.665208104737103,0.0332168510369956,0.0214136584289371
0.0703349655522824,0.0377949155770661,0.0001107729429519,0.0390950156493112,8.733257475839083e-05,0.1139724055490249
0.0668357138407973,0.0367191704943842,4.580811562933145e-05,0.0377776571304717,5.206245965592993e-05,0.1772409455853957
0.0,0.0,0.0,0.6342218580376358,0.0302244287915527,0.0684922645147889
0.0,0.0,0.0,0.6329641240183264,0.0842322024144232,0.0583728399965912
0.0984532063770089,0.0356475254514494,6.334740716981311e-05,0.2845838607535129,0.0005246279248844,0.0158384378837996
0.0996329382199727,0.0358824544957498,9.35264513874164e-05,0.2422371268728466,0.0005055265488879,0.0137599158391582
0.0,0.0,0.0,0.5649439033679664,0.0613759095035493,0.0328923258185386
0.5045061349758394,0.1785658557165008,5.5441701598999465e-05,0.6729294102648226,0.030950758127774,0.0100079690520936
0.1298444512863164,0.0612601081870425,4.377624879572875e-05,0.1744053398849963,0.0004423462122884,0.0603057060671064
0.0481644997384635,0.0229689174461476,7.256767901004541e-05,0.1606485569319118,0.0002570272929068,0.0988164669577913
0.0857604600559543,0.0409759929153779,7.62254225537299e-05,0.1400633939551668,0.0003445729809711,0.074226823943134
0.0793797022381137,0.0426749567236379,0.0001132169509316,0.027460150571364,5.708141255266158e-05,0.0920583380871872
0.1350377927596231,0.0640275965026211,6.120261998867212e-05,0.223173865037458,0.0009833391819756,0.0905060091560933
0.1823488490215493,0.0715059912998735,4.674589852965906e-05,0.5031848732466204,0.0026545523515713,0.0292443509474111
0.0553865510741855,0.0292572177107917,5.5728232558410327e-05,0.030600254586375,2.189411969968913e-05,0.0715981670618284
0.0,0.0,0.0,0.6087771851941943,0.0563174307160079,0.0255868216790258
0.1287495545143478,0.062808317938135,5.3252296609702366e-05,0.0544000380604338,7.5281988842206e-05,0.0292069897456293
0.0,0.0,0.0,0.6453751561045646,0.0414143853075802,0.0255251687951385
0.0503761417090015,0.0255712095514592,4.396618364537065e-05,0.1777806994603316,0.0003441595276321,0.2064123806969479
0.0,0.0,0.0,0.6815890333428979,0.0754703610949218,0.0274610306508839
0.0,0.0,0.0,0.6652662803884596,0.0360431111045181,0.0557339871209114
0.2085742060655804,0.0694764300944338,5.2532054858957056e-05,0.4745239814656146,0.0027086623671778,0.0098141208463684
0.0,0.0,0.0,0.6327340423222632,0.0308761773072183,0.0781509909313172
0.0547248791092878,0.0320809076650188,0.0001127095517346,0.0160230240776822,2.445050282225353e-05,0.154133984528756
0.0960705279922647,0.0493910770914382,7.221353741403128e-05,0.0666777532218634,0.0001710584947071,0.1049478245070465
0.1820704607030379,0.0422327258170697,2.6581347633193917e-05,0.6152610632867601,0.0033165683994741,0.0047601958148707
0.0943899667760088,0.0453190018287854,7.667350698389354e-05,0.1677420797490427,0.0005506953823539,0.0939254425477944
0.1019769121017262,0.0380877661020029,6.473950703547377e-05,0.4789725052643105,0.0017909164307044,0.0414967951553084
0.4792206324718106,0.1300400617974179,5.038647447570731e-05,0.6801405756916284,0.0377612921236798,0.0052814138462337
0.0905077658696411,0.0383230019810931,4.7818115329985845e-05,0.2149129443302536,0.0003173499954864,0.0299806473608922
0.1115015547784263,0.0272289996768711,8.145502775172088e-05,0.1158442879173207,0.0001352234975159,0.0009163077972053
0.63462387239355,0.268447543215166,8.784097021186679e-05,0.4956623750662099,0.0715457581092753,0.0308467526903131
0.0,0.0,0.0,0.5478016432560979,0.0630569124780595,0.0210753082856536
0.0663055886237694,0.0336332352737048,8.025586733830682e-05,0.0934988627120423,0.0001987186645464,0.1111762286736872
0.3939457242787293,0.1586321623410612,4.044958063458151e-05,0.6457447100796435,0.0094595769769003,0.0174018772440438
0.0791150661043232,0.0422638734385339,5.610598519781797e-05,0.036587569899418,5.562671914717543e-05,0.1183733457874512
0.5844576879762862,0.2726760336413221,4.267255112122867e-05,0.6104489050664869,0.0292336019043636,0.0667061839837574
0.5951633067568132,0.2671611716002652,5.808225107474445e-05,0.6509744902152349,0.052283329153575,0.0570589971311278
0.0,0.0,0.0,0.6971609032154082,0.0756389250792562,0.0173940505646169
0.1024957232801355,0.0563305595431562,8.988907865899724e-05,0.019273438272741,4.790838351023902e-05,0.1250369589518388
0.4988289540500334,0.2069712962887075,3.866905256771456e-05,0.6994143424879652,0.0196862898048608,0.0197838923719254
0.3368711824895244,0.1503995638714618,3.028838277835474e-05,0.6618388941503298,0.0076662633395076,0.0566837642430782
0.0377261236381931,0.0217496552363544,0.00011084397995,0.018664001591558,1.6187431854970593e-05,0.1085913531345464
0.0660768462532213,0.0348454836253466,5.435644449410882e-05,0.0786156703398518,0.0001511271983738,0.1672844938324413
0.0580592593270272,0.025464405022102,0.0001007933297183,0.1338576685544812,0.0001818286393048,0.0358896670547487
0.1135812393067911,0.0470058257883843,0.0001094459638495,0.1019292733061484,0.000159810071352,0.0093030881963384
0.0,0.0,0.0,0.5110626387502998,0.0572394082136452,0.0601805889140814
0.0607002796827122,0.0293668932435608,8.480935868498341e-05,0.0587948591490793,5.675238095340096e-05,0.0362955126611458
0.1130756666184855,0.0559806056751092,6.663117664435444e-05,0.0623256190417514,0.0001179095720171,0.0487853786866778
0.315351045793544,0.0968650231291478,1.950743132536628e-05,0.6944630722440159,0.007774745785262,0.0061563791315788
0.1094033544046301,0.0522093946735797,9.214191238437954e-05,0.0197455418673011,1.2629463780986816e-05,0.0065942952180569
0.0393097097694373,0.0197946790696338,8.517871159523229e-05,0.0708917823993647,6.708452967979506e-05,0.0745223206176537
0.1052866283614546,0.0444681781722792,2.2029011701019035e-05,0.5680015849489662,0.0019468545687287,0.0913585393367484
0.0835348117322005,0.0428644121284574,6.300717873130413e-05,0.0295995081739488,2.98677734347913e-05,0.0471968867855064
0.0,0.0,0.0,0.5962560979463161,0.0391573552601039,0.0304614634811878
0.0495688147181352,0.0261930323861518,7.883585900461599e-05,0.046949118301112,5.319504938183783e-05,0.0958844977217625
0.0,0.0,0.0,0.5225088995788246,0.0681342818960547,0.0845962066110223
0.0684117252272181,0.0368552633217489,8.916561999723671e-05,0.0574974278492017,0.0001473505041574,0.163496510253325
0.0416026753321996,0.0207536298184986,7.809572638461307e-05,0.1558528048519979,0.0002869538362738,0.1496598755613747
0.1166725303876264,0.0519755227752304,6.338902928212176e-05,0.1358648342914639,0.0002378525268488,0.0235839144790159
0.0,0.0,0.0,0.5059266137331724,0.075292432513088,0.0428109757043421
0.0,0.0,0.0,0.5250318053271622,0.0698849583230912,0.0738411756884306
0.0395831794611519,0.0150804608497746,0.0001157038753875,0.1364229563889884,0.0001030231115548,0.0186584094084017
0.0,0.0,0.0,0.6267285630479456,0.0575831265933811,0.0357167694531381
0.4886096643448248,0.2073406968356915,7.593552938540373e-05,0.5098986082587361,0.0114221750862404,0.0157630685148404
0.4135412638371373,0.1546478379280293,3.218882253331557e-05,0.700531157183824,0.0130153806897085,0.0117930762389834
0.0567430588500115,0.0261363424521977,8.807343958333277e-05,0.0659995755679375,5.106130640292607e-05,0.0232957283217557
0.1949454076005445,0.0918370419857721,9.041424408575191e-05,0.2607865297141482,0.0019963643810035,0.0796456865462445
0.1242491445238548,0.0636289344469926,0.0001003058307696,0.0724711561605721,0.000315141283879,0.1061915063767511
0.0530128233475009,0.0238460485922357,4.5932325116156456e-05,0.2939790264110822,0.0005223241968501,0.1091081167746575
0.0,0.0,0.0,0.5212244935147464,0.0672120790928602,0.0491893084906041
0.0,0.0,0.0,0.5599521386064589,0.0791558308899402,0.0319656780920922
0.0,0.0,0.0,0.5533162157703191,0.0726867701672017,0.0600341612938791
0.4901922070493278,0.2160653177224822,5.359214667870186e-05,0.6143169328955109,0.0140382586000029,0.0289302733458076
0.1036714757654091,0.0492639821134333,6.653669811471667e-05,0.0339784948708211,2.4242803007078206e-05,0.0113285371621921
0.0,0.0,0.0,0.5870816867612303,0.0348703561723232,0.0378892743773758
0.1697591036920417,0.0662641393269787,4.805223368903254e-05,0.2979153981670285,0.0008357623184629,0.0134357014883551
0.1129008019124692,0.0582346796931431,4.825201451019633e-05,0.0603190760355293,0.0001371795368759,0.1098794347779432
0.0501003026148395,0.0246865163282045,8.487627717824073e-05,0.1058663567362526,0.0001603234793427,0.0885909217150156
0.0,0.0,0.0,0.6846464023459703,0.0431790617480874,0.0533541379775852
0.100835945054426,0.0493856643559178,0.0001009403819402,0.064381696628412,0.0001385809923319,0.0438116072043606
0.0,0.0,0.0,0.6796326455660164,0.050940955709666,0.0291317272931337
0.3064289919786516,0.1364953862684063,7.777076349320073e-05,0.4817640215703179,0.00561555408647,0.0477048721982325
0.0633583049957395,0.0281783506775929,9.694630840505108e-05,0.1945328534227787,0.0004186626867358,0.0616915870340292
0.602040321310053,0.2695288639082633,4.126545205160164e-05,0.6787968056564777,0.0549406340058212,0.0557151782071718
0.0,0.0,0.0,0.6239170513302088,0.0691258081234991,0.0619286667369306
0.1207332406478156,0.0586302140722089,7.461209293541935e-05,0.1214619322860918,0.0003900752102244,0.0703585033868485
0.1408921501803838,0.0551099881600279,3.621528230974664e-05,0.4868942850422849,0.0017219279904587,0.0337204003222343
0.0849262365778946,0.0324509339993079,2.8920437128134197e-05,0.4739228312084437,0.0008947971211175,0.0422824162198047
0.1061732365482928,0.042210447993724,9.50372779438358e-05,0.0512979022540887,3.497481096461253e-05,0.0026036781106729
0.0524927312850895,0.0251913911635423,9.274987472106608e-05,0.1273044767717215,0.0002188603103986,0.081532684620294
0.6105356096752257,0.2835414679174981,9.766532845310728e-05,0.4861933896167764,0.0431475990854998,0.0691568988545025
0.0837871761299013,0.0390309460616572,8.817463524482785e-05,0.2379036704216121,0.0009163851760604,0.1054357414647648
0.5325112943960453,0.2492742138251315,8.817689939741695e-05,0.5831965621043498,0.0244852743602273,0.0744496991202422
0.4389780818948027,0.1955530453719533,9.211034786903564e-05,0.4943449591235607,0.0088987510132869,0.0300760610286753
0.0,0.0,0.0,0.5502629817929119,0.0544945651479065,0.0587132948171347
0.0865524245402966,0.0439118387772524,0.0001035221409829,0.0708732367748626,0.0001921565144404,0.0863856305165558
0.0572550723834403,0.026467921490819,5.382538339723117e-05,0.2920848273537785,0.000711265455611,0.1367823767438606
0.1224941709280574,0.0482124281863816,5.011324682157451e-05,0.0658141974173724,3.836143841026707e-05,0.0023098012472045
0.1024634940171949,0.0450410904709365,8.927394065806127e-05,0.3085285049935955,0.0013639251139971,0.0742144111184056
0.1053290852063252,0.0535923709989547,6.495588619730886e-05,0.0989991672965366,0.0003276069442782,0.1282824590791985
0.1966666366779432,0.0779438637596209,6.611502780670792e-05,0.4618569850357249,0.0029014511272142,0.027779577875132
0.0713060539869666,0.0313144781812652,4.055833976346626e-05,0.2751496427510131,0.0004548222707985,0.0670004847889238
0.0,0.0,0.0,0.6586315122433006,0.055898302309215,0.0344542546384036
0.0,0.0,0.0,0.6147970497980714,0.0375284579396247,0.0489855867624282
0.0602039240478995,0.0326684026888552,9.71295724260038e-05,0.0514317851881743,0.0001134399698516,0.1529126435311252
0.1010157419863969,0.0520685612541736,6.566568928569802e-05,0.0372407697853962,6.20417388292882e-05,0.0667144349586853
0.0625312811516881,0.0316360784331122,8.280631332520601e-05,0.1165032428392814,0.0002824147160424,0.1321719158133126
0.1040423616102367,0.0460642325216366,7.421442917455378e-05,0.2223230900636639,0.0006330886935179,0.0486777092396459
0.5277312972660377,0.2417330017334714,7.83839911407392e-05,0.5714656202631115,0.0189716888415485,0.0467595670273985
0.4880148041379603,0.2123355286622679,3.363515350828485e-05,0.6445220610869137,0.0121508383549136,0.0228852435915656
0.5396745190990684,0.2481479528640808,8.329437058841219e-05,0.571572384110293,0.0219666911634004,0.0514801933656902
0.0,0.0,0.0,0.6248287063091994,0.0472454717755317,0.0238088514283299
0.0,0.0,0.0,0.5549903452862054,0.06277153192088,0.063372985990718
0.1066987310007374,0.0203745748981057,0.0001009331043763,0.041106957504026,2.9942020192686152e-05,0.0001250231854294
0.0804871554218108,0.0248259312504473,6.580005731892031e-05,0.3132420318497374,0.0004631067605723,0.0110228717396753
0.0,0.0,0.0,0.519363074330613,0.0648371582478285,0.066421384261921
0.1378775093269409,0.0651530537292082,5.4734822676804495e-05,0.0343765269851864,2.5637949300001683e-05,0.0082116262523079
0.0,0.0,0.0,0.5990216072183101,0.064231512658298,0.072278904998675
0.148715993462297,0.0479225490941789,3.767637591668188e-05,0.4162355094555905,0.0011502438928444,0.0089696353281492
0.0,0.0,0.0,0.5688425744138658,0.0795572985708713,0.0678162083961069
0.4844714473988334,0.1994824957186186,0.0001079123935952,0.5780535296343865,0.0190719915529938,0.019543433681053
0.4630706858882792,0.2186162852649295,7.597355634514309e-05,0.5390526639568812,0.0126906223266375,0.0761695974293585
0.0,0.0,0.0,0.5856807981338352,0.0305167982913553,0.0531528670992702
0.0,0.0,0.0,0.4562046140152961,0.0844094439037144,0.0737141160015016
0.0,0.0,0.0,0.5996034536790102,0.074716618116945,0.0530906749423593
0.2268801572688093,0.096410612021926,3.507577230764436e-05,0.6553873022515367,0.0060658370505889,0.0619399359404922
0.5985854710866854,0.2147137636189204,8.693805360459438e-05,0.5469485155324367,0.0589309702668403,0.0107500639309744
0.5723119216899909,0.2656161848520864,4.889648932210357e-05,0.5562308265651308,0.019994759908613,0.0480781534866639
0.1004591180242664,0.049144995212709,0.0001101916854988,0.0513463700454423,9.695442334911798e-05,0.0338528885753635
0.0973261805377415,0.048466957561154,6.196748602154376e-05,0.1238680699346201,0.0003634461893846,0.1125093030083265
0.0598060342629113,0.0296105021489974,9.322052058241172e-05,0.0371459797213583,3.01790011701668e-05,0.0307947978725982
0.1049401853853465,0.0334720214964722,8.741148465663266e-05,0.0917029182339878,8.100177068805431e-05,0.0017238663403955
0.0549835104699354,0.0288318589349022,7.018827962307716e-05,0.0531044678004587,6.591995881291557e-05,0.1009099439150594
0.0,0.0,0.0,0.5629861724469811,0.0503463801555335,0.0755220668856054
0.1493753526336125,0.0683443884187378,5.2029055229091705e-05,0.3048255576402079,0.0013882447061776,0.0742932005446138
0.2840432420283727,0.1080830758302821,8.112086442086031e-05,0.529502439260824,0.0058478112510953,0.0176602702292017
0.1318673403657757,0.0617914201398994,0.0001164257726169,0.0655024177643961,0.0001418954583434,0.0194356994022278
0.0871440109347605,0.0418695545005351,0.0001021242497434,0.0833726508476561,0.000169892133223,0.0455423914771611
0.1253658768015553,0.0530366149092558,0.0001111028935005,0.1045281966434595,0.000194400485676,0.010695914211845
0.0934180751880836,0.0460585713856231,6.034084426206349e-05,0.0491650648848566,5.591183222367069e-05,0.0358939726090139
0.0,0.0,0.0,0.5429650734644382,0.0469444074481725,0.0518893051613122
0.0890061086708871,0.0435320231245912,7.932537481926807e-05,0.2110776810768122,0.0009646574900796,0.1547869800531378
0.0687796339795405,0.0372808151364349,6.303650064347603e-05,0.043376474125617,7.590167335828901e-05,0.1537093155408632
0.1168192567777782,0.0358597589656093,9.44030990738847e-05,0.0926056693653072,0.0001005159670777,0.0013904893679489
0.1304600888136778,0.0660354634559625,7.634718696251515e-05,0.078050230805919,0.0002809994521356,0.0932562154609801
0.0976547569243574,0.0424765111150598,9.62310755925729e-05,0.0298123178558767,1.4913643799941388e-05,0.0030577969743017
0.0955482343110055,0.0373087212903159,7.806086018492431e-05,0.2566726311531325,0.000551659075992,0.0234448310613294
0.0816164528943299,0.0395346885597932,4.715896802657628e-05,0.1048443897589415,0.0001441648362798,0.0620203040357855
0.0783478396400123,0.0332634323966049,0.000106260408143,0.0881861960942015,9.535526101685232e-05,0.0129522375392242
0.2311978731576781,0.0848889330529232,4.603110251774088e-05,0.6708583596645009,0.0063190412991812,0.0251611086431695
0.0539465345511672,0.028945516081026,4.977123300914397e-05,0.0365214353792459,3.063341263266628e-05,0.1061965290218122
0.4259092361510799,0.1965176261603333,4.0965925885314095e-05,0.555430777283986,0.0072847188453889,0.0487347390337161
0.0,0.0,0.0,0.5818301392253489,0.0706838889792561,0.0308631190750747
0.0557723270940962,0.0302809316128958,6.942737641666446e-05,0.0546419286034352,9.225329635375452e-05,0.1654031264654057
0.4770318225366477,0.2107897426132079,2.6229559796011743e-05,0.7162419133330583,0.0135458239462641,0.0328854343553776
0.1638505331782484,0.0656392755949077,9.014262935621236e-05,0.37945877166516,0.0020986624533503,0.0302409973180513
0.0,0.0,0.0,0.6657919998653232,0.0613204331509769,0.0175383753329515
0.0729252792148573,0.0234080510860478,0.0001028464810732,0.1504363907428726,0.0001453513352178,0.0055415519895579
0.0,0.0,0.0,0.6697547207213939,0.0369495260901749,0.0385150583460927
0.1127693280057793,0.0447596511512354,0.000119013667338,0.0342805788171534,2.136082952771648e-05,0.0014975142311598
0.0710626430370413,0.023116050842077,6.295981552074323e-05,0.328273456483838,0.0004591724377898,0.0161137650286356
0.0909866786874779,0.0433669264063614,8.760092269834061e-05,0.1792573562971506,0.000635901924194,0.0948158320487519
0.333198557080113,0.1507585038996,7.886934699936683e-05,0.57131293783551,0.0095604195788467,0.068255196176172
0.1321239969359029,0.0691664251494082,0.0001104623880183,0.0142988368002923,2.879026524393489e-05,0.0427947403705129
0.0439549505895594,0.0230438955261536,5.576598732810649e-05,0.0874196924906765,0.0001075582104256,0.1494558748467309
0.0,0.0,0.0,0.6042130316793919,0.0560229476355016,0.0452325937338173
0.0802854790295415,0.0372937213680888,6.526903549235951e-05,0.1142174565289416,0.0001627046195266,0.0406727969157468
0.0985217794411734,0.0387708062784712,3.302438116877034e-05,0.363457461311608,0.0006309779716089,0.0303314760014921
0.5311123908774902,0.2238804017659155,9.889716992781069e-05,0.5476699101932161,0.0216567681541697,0.0194359991184233
0.1467721226476959,0.0674158042430483,3.634112971052155e-05,0.359321914943275,0.0015715083408203,0.0920459284827573
0.2577134703209985,0.1024598567578954,4.1431944757218926e-05,0.6673658544379897,0.0066611663685033,0.0331720816422366
0.042166524008069,0.0207691004263835,0.0001314252183957,0.0299606393378769,1.797461846954904e-05,0.0237566393789642
0.0909269719522556,0.044846908726906,9.451911433937848e-05,0.1354086975404071,0.0004973699871037,0.1089281166070116
0.5791955491014358,0.2442247075977844,4.815936925891906e-05,0.6116863449929882,0.0316409545957625,0.0194921573690981
0.0,0.0,0.0,0.7019812261778862,0.0348093662038445,0.0278800381626933
0.1272546538749629,0.0566554478534564,7.33967073189161e-05,0.1419347431321832,0.0003072588235109,0.024004114630983
0.0585115429214398,0.0255197380336504,5.305194642354778e-05,0.3236597530288509,0.0006778583112175,0.0941464376381556
0.0590220645865285,0.0214818431782451,9.594326481925738e-05,0.221996796515211,0.0002852525636025,0.0203841346623253
0.0,0.0,0.0,0.7241379499342293,0.042655108589679,0.0302172002475708
0.5322783756768379,0.2094529302426289,2.6732229084955305e-05,0.7375961528255133,0.0284549610465729,0.0139562409326079
0.3784477454131535,0.1713266135239058,5.801989463078193e-05,0.6264671546516258,0.0109709732461039,0.0618024178110101
0.0,0.0,0.0,0.54893720401451,0.051116190906614,0.0487799099087715
0.071441151583315,0.0338640846869022,6.986226982237757e-05,0.0322472324279513,1.5687719666243605e-05,0.0121930968957423
0.0690970052394043,0.0334226291974422,7.089047442427511e-05,0.0880677662413331,0.0001196664127882,0.0544256482596802
0.1439040640836889,0.0441342717430083,7.022405778125086e-05,0.4642293257248081,0.0020002349460973,0.0118220544676046
0.4850857550650917,0.2238331801679981,5.405928552884263e-05,0.658854565493766,0.0182797240901426,0.0648404077890052
0.1716357763682706,0.0669324856919563,2.128853163136776e-05,0.6856635619799222,0.0035891795499663,0.0423414730705757
0.0743689048290578,0.0298301370118532,4.021999507855705e-05,0.3752888947173072,0.0006719981147385,0.0495046424289779
0.0509071503190036,0.0299329418955068,0.0001051989093702,0.015199902779316,1.939500634713892e-05,0.1484460461738843
0.0837798690032287,0.0395480590794542,4.710187148172405e-05,0.1522150082450945,0.0002537020707791,0.0657980923897925
0.0668887498990283,0.0350355614636711,9.965359140877744e-05,0.0278132520784881,3.389502427745064e-05,0.0579122775776037
0.1011059112177619,0.0242505963926126,5.504559725138632e-05,0.0512589579366066,2.4114952345923035e-05,0.0002379742092354
0.1274242811739402,0.056135613913597,4.195491769454655e-05,0.3762258163643227,0.0014204692017511,0.0705216304756941
0.0571634701426774,0.0307878645679909,9.590558844822945e-05,0.0481272074096317,8.817328671748898e-05,0.1293012084506347
0.0963185985288432,0.049565848915785,0.0001108301856273,0.0585648954482883,0.0001827711895999,0.0914793646409735
0.1389556397117492,0.0335436746354613,0.000100948605834,0.1700268472568827,0.0004064870778768,0.0013969367885821
0.039093112409699,0.0171756545583299,5.351521752096582e-05,0.1012269696752332,4.506155364021602e-05,0.0265236131278932
0.1118315524489063,0.036498870798995,9.157212286207418e-05,0.30032440256535,0.000770224326573,0.0106657860434926
0.0938272011570806,0.0521748540674297,0.0001039459020212,0.018208638742595,4.6046676526759634e-05,0.130546406914134
0.1233614792431437,0.044454687526942,5.697406823603566e-05,0.3764748413848069,0.0010526003801173,0.0183275847502291
0.0449744855741784,0.0205371431400694,6.797660642609611e-05,0.1231175350623283,0.0001085914332884,0.0480479878263712
0.0,0.0,0.0,0.5292714121844619,0.0444467430189251,0.0597710424754768
0.0,0.0,0.0,0.6567647026572377,0.0551446187868714,0.0767909104656428
0.0915523488150094,0.0259937976118462,3.785895778598704e-05,0.3010814793135632,0.0003325418508494,0.0054569214992695
0.0,0.0,0.0,0.6689153566304594,0.0603680892474949,0.0529443057347089
0.1471018168366545,0.0551414438718033,7.160513751325925e-05,0.3945525048764251,0.00163852321572,0.022005689578633
0.0,0.0,0.0,0.5794739875011147,0.0400615157932043,0.0346703805588185
0.1897000189535378,0.0767432777987846,7.184094562934802e-05,0.3720692358242869,0.0019383426545746,0.0245500791923803
0.0,0.0,0.0,0.6957471483759582,0.0479598901607096,0.0212866318598389
0.1175080186633471,0.053835761636662,4.862173295958558e-05,0.2958795165783502,0.0010904152084518,0.0864655417553281
0.073399104190339,0.0218350956599555,9.624282689108108e-05,0.0377344439520309,1.1582624583362023e-05,0.0005200671566466
0.1126385595680056,0.0591928071523289,0.0001077834028124,0.0399233300597667,0.0001364076282707,0.0995593180340863
0.0836990137668439,0.0426243459428006,0.0001039365717422,0.0478820567845945,9.51094932326282e-05,0.0629955066605334
0.0895396587582931,0.0496344473727737,0.0001122667955039,0.0194867818013592,4.90540458574464e-05,0.123695607028269
0.0844290848012587,0.0416610866474838,7.2989869414512e-05,0.146151121553393,0.0004508819884525,0.1192241971714833
0.0,0.0,0.0,0.6572466978617013,0.0773895030468702,0.0241477387584745
0.1524449181766124,0.0554189854806828,3.991389878639553e-05,0.4760801259509819,0.0016909052536682,0.0197309067920226
0.0,0.0,0.0,0.6380192902684212,0.0438547924533486,0.036126350313425
0.0552102240585359,0.0199700064620967,6.175468309678722e-05,0.1804490571395258,0.0001242905717316,0.0131495157574857
0.0992404740047247,0.0433838837434585,6.808638418522878e-05,0.3340950439038993,0.0012780648793657,0.0759575069382832
0.1341974779737841,0.0483309897909547,7.393606312849107e-05,0.1852103853950174,0.0003445156274311,0.0062279032615564
0.168640604990811,0.0730533975757435,5.473512820748941e-05,0.5252890445717232,0.0041162163957841,0.0806187823450286
0.1448249019469554,0.064519694182142,4.928456298046743e-05,0.4239262809800478,0.0023874135828714,0.0874973840099976
0.0745962602048994,0.0408899218382269,7.120708313507032e-05,0.0338812484702939,6.587866364356904e-05,0.1538465883958008
0.0,0.0,0.0,0.5848478646576404,0.0617348870262503,0.0436708234623074
0.4078847617407743,0.1899131559826486,9.862293614382146e-05,0.5032911705410837,0.0100598220029034,0.0662842324323557
0.0993007216269324,0.0249678837672948,0.0001068757595225,0.0712384851723552,5.899999282929318e-05,0.0006074839557227
0.4217814051792614,0.1579504455181953,2.9583977638528303e-05,0.7361818912330556,0.0151004650700924,0.0128547492837906
0.0924011658269626,0.0344333491354911,4.7896250516439234e-05,0.1817803053517134,0.0001726270209395,0.0090905206988251
0.1317366528886481,0.0663360230949396,7.699360601986839e-05,0.0592272199178036,0.0001653949071276,0.0644163527768478
0.0,0.0,0.0,0.5801640608347952,0.0581188773363828,0.0265716265328228
0.0,0.0,0.0,0.6588609114475548,0.0457734839059412,0.0329497740417718
0.0459263102609005,0.0234038843535012,0.0001025376819531,0.0950289284246033,0.0001681702331655,0.1142187370364856
0.1543496708109699,0.0639234801053012,3.539705137778199e-05,0.3894680487408965,0.0012156722210447,0.0323013754311983
0.1043882772713901,0.0365327837865553,7.177471806497186e-05,0.0447042940579363,1.997284253917042e-05,0.0008624728144883
0.0670986195455196,0.0310219272343704,7.53056086630103e-05,0.2636367009972454,0.0008201494656013,0.1189172258069108
0.0627346957590928,0.0316931025092925,6.717976987267859e-05,0.1490224128467097,0.0003911759579637,0.1654915834073953
0.045377048493241,0.0174331196870569,6.920699310992859e-05,0.386534444289086,0.0006863050818771,0.0664897361573729
0.0779998308161492,0.0394221821092074,0.0001021219275773,0.1147772883933829,0.0003968291427092,0.1288462847670261
0.0602420534590074,0.0232172573713704,7.761131006028876e-05,0.2027614754401688,0.0002306526429981,0.022512512202435
0.0,0.0,0.0,0.5846455312985928,0.0524289387091994,0.0552590075414627
0.0791518619331466,0.0323787809206048,9.975960889093702e-05,0.0784620495013944,6.513727306612174e-05,0.0078414035784929
0.0922307821105757,0.0433931095428966,8.112117874783164e-05,0.1447417060536711,0.0003695891781171,0.0619721028469452
0.0947626675514999,0.0317738541260511,5.2998604142654906e-05,0.4039848542843762,0.0008518787700227,0.018408005943349
0.279366820768265,0.1215511702466096,6.564861413263295e-05,0.5725806791445127,0.0069944074968478,0.0538941692253428
0.0599706040291911,0.0188087224961523,5.227099733697196e-05,0.5163807455048472,0.0009365048187971,0.0318862768225712
0.0,0.0,0.0,0.5167300384212286,0.0450257733277976,0.0527502086479216
0.0,0.0,0.0,0.5167994440440089,0.0339190248027443,0.0719362969975918
0.0518929473756134,0.0200513304795085,7.655764261599574e-05,0.1233572732354386,7.590336070174841e-05,0.0125828290631275
0.0933010350095476,0.0349995728987189,4.5417526114063714e-05,0.1215283591642748,7.825711499674301e-05,0.0050753914988535
0.0,0.0,0.0,0.70228351296857,0.0261575064621865,0.0259256576374173
0.0,0.0,0.0,0.6924176668468863,0.0406520859152078,0.0612355164717883
0.0,0.0,0.0,0.5614826942235231,0.0298642300255596,0.0273987091518938
0.104053311030815,0.0506742018450075,8.662399232581863e-05,0.0445934328544501,6.192012995027887e-05,0.0257941101290026
0.5718846535438655,0.2198920473871884,8.157775860615513e-05,0.6210976218878037,0.0490900423332323,0.0162169025822462
0.4520792945091144,0.1947068787623808,3.714455266442256e-05,0.6002591149408212,0.0088750951999399,0.0201533209952099
0.0570542044552045,0.0277657682147765,0.0001091434521647,0.0902410916621486,0.0001507624989651,0.0649719772085575
0.4787980788793788,0.2128435160447014,6.375745530797555e-05,0.6087375448767455,0.0142790291331192,0.0344648556368552
0.5701112880443102,0.2631342719821309,5.846296544646286e-05,0.6363658668477404,0.0340741624929714,0.0665976997728853
0.2727678600064278,0.071404627917025,5.008592040104838e-05,0.5857570226740766,0.0072740958380408,0.004899286376186
0.1020719808260981,0.0242304462305609,5.904024106280802e-05,0.2365542137466557,0.0003319777136613,0.0023943751128765
0.5381147199735825,0.2523733136049473,7.298529282556256e-05,0.5283237547341305,0.0167719323604581,0.0585781027142968
0.0863630453349959,0.0351432087880748,9.814200265808378e-05,0.252221939627016,0.0006501855405184,0.0354304706022768
0.2111025407704055,0.092849672618108,6.18147657159995e-05,0.4590919754250437,0.0036652936822427,0.0604041429198002
0.0,0.0,0.0,0.6487077793292702,0.0456195549480617,0.0426066771522164
0.0,0.0,0.0,0.5742873399797828,0.0767525541782379,0.0520973303820938
0.2473688157377727,0.0973611143173088,3.5435814016457513e-05,0.6296117202192847,0.0049296419670584,0.0274297955797674
0.0580574040300355,0.0261203828841525,6.966171115518202e-05,0.2491044995185466,0.0005346782828891,0.0913480951349623
0.0,0.0,0.0,0.507275264216587,0.0762148458696901,0.0779521540831774
0.043177910717224,0.0231246713060107,7.268251238447923e-05,0.0265588659121538,1.649344760484145e-05,0.0672973624661955
0.1878737432173776,0.0816268677285756,5.458864863828626e-05,0.4562595033495358,0.0030379199923444,0.0586793673017095
0.0458709950455744,0.0204100827202791,0.0001000929464658,0.0676861968765213,4.235287799911249e-05,0.0192150635128662
0.1304528909181332,0.0673922074907594,7.136082101061252e-05,0.0254847311752628,4.803252148977838e-05,0.0536631380663845
0.0,0.0,0.0,0.5891807917878031,0.0596622389554977,0.0362013452500104
0.0563574243167569,0.0236127761540544,0.0001068096552563,0.0739884717051124,4.9983561615828576e-05,0.0115797996313376
0.0,0.0,0.0,0.5204816757794469,0.0751236583106219,0.0684342227783054
0.5828237105204858,0.2164357155983964,8.839464538236367e-05,0.6441234953665409,0.0694814867934575,0.018347827352761
0.0,0.0,0.0,0.5830704387743026,0.0539711687713861,0.0845382274594158
0.1443409316753536,0.0589039351490053,4.838770003657221e-05,0.5219882790165389,0.0028072617129416,0.0549843242768515
0.2730085744749802,0.1142070201383207,5.348593319325968e-05,0.647720306497467,0.0078916292085218,0.0460321133392656
0.0,0.0,0.0,0.5524886727891862,0.079441581480205,0.0224778714962303
0.0874358562957528,0.0438559373808197,7.555811063316044e-05,0.1184782119282441,0.0003653384912528,0.1207533603148864
0.0,0.0,0.0,0.6257009394839406,0.0390477374568581,0.0197149691358208
0.0642914223818692,0.0312263489923614,3.866086595449138e-05,0.1797489327226796,0.0002941081801752,0.1225276579988712
0.0,0.0,0.0,0.6189926720038056,0.044147219620645,0.0164741601794958
0.077405000639197,0.0376550175896112,8.713174485962807e-05,0.0536484603383857,6.47878365248113e-05,0.033754736004245
0.5235911817253343,0.2180249449205288,9.059539742383204e-05,0.5483428264586211,0.0199074175450114,0.0169109978269355
0.0784922746184544,0.0374435770126512,6.0923085637925e-05,0.1616396612112181,0.0003533987832825,0.0861471140774503
0.1048796484712192,0.0470574359430846,9.701436330034124e-05,0.1318629703409962,0.0002998153042665,0.0299955691299552
0.1186918902632717,0.0579970393980288,5.843984205779414e-05,0.179016030099219,0.000717273976728,0.1175101480390282
0.0,0.0,0.0,0.5214243230596185,0.0779293244890868,0.0516163038648665
0.0911255282198753,0.0418665091955861,0.0001108149070568,0.131351391622841,0.000334629308588,0.0439950962497029
0.6084277874742058,0.2836094862565154,8.306969612134437e-05,0.527654988078567,0.0474730491268316,0.0809630277942055
0.0387867938635365,0.0168269557536056,5.3969633163052185e-05,0.2180489121750408,0.0002077233720139,0.0659004463516525
0.1800781497513346,0.0757803523838948,2.4607561966324464e-05,0.6853317458272011,0.0050507862503179,0.0758866002279506
0.3658465873716634,0.1521063039073965,6.271992975668837e-05,0.5292657462394335,0.0064712341418688,0.0197140433261068
0.0661003851129575,0.0361956856880636,7.371008167159902e-05,0.0200152282282372,2.2047920222784123e-05,0.0945119811016762
0.0744194974819797,0.0358023152553785,4.2614297320734495e-05,0.1481458243813808,0.0002285966896715,0.0846917292517477
0.0749969628301581,0.0245952046431987,0.0001189643772934,0.0441712362433228,1.851485307710133e-05,0.0010507100528564
0.4829148650133681,0.2096062987247493,6.680489580678332e-05,0.6985990024190832,0.023345549339741,0.0385145860243735
0.0,0.0,0.0,0.7061137728393079,0.0667929472215473,0.0228218734450638
0.0,0.0,0.0,0.5016961649153382,0.0461316245235502,0.0629518880788236
0.2910390617507644,0.112691167706843,3.492232440253391e-05,0.519773515546915,0.0035708849308598,0.0131902298217171
0.0716823613825075,0.0270357798787493,9.753631717970002e-05,0.1286282867874978,0.0001250161164472,0.0097135848005396
0.5719076877640967,0.2672433856679833,6.697817505846315e-05,0.5018848857523713,0.0190140953807989,0.0508382381509341
0.1726460688855277,0.0822560606461234,5.225680532556488e-05,0.2230678154945042,0.0010491013361196,0.0806367422943023
0.1723500062175111,0.075434689577862,7.389769933183636e-05,0.4410966644732322,0.0034176570122945,0.0713628775203441
0.1469335945774525,0.0485715070120697,5.791999672725188e-05,0.0992313722577338,0.0001110074783302,0.0013307993705086
0.0800059870428865,0.0317930422018995,5.047934560243269e-05,0.1731040574835644,0.0001612001013273,0.0149775750129772
0.0,0.0,0.0,0.6617624947242439,0.0434796754643321,0.0266509596444666
0.0825755228334977,0.0232881357454488,2.4268357890368574e-05,0.6049456291827423,0.0010267512174845,0.0167524892191632
0.5042521492921973,0.1738271617548958,4.338161704011933e-05,0.6263554934082439,0.0243035092016094,0.0065134103691726
0.0,0.0,0.0,0.5536896310653537,0.0640535880997777,0.0569353592488914
0.0359264673797457,0.0204690297750669,5.1246354870231945e-05,0.0452924594342852,4.124976224632176e-05,0.2086382151142939
0.1042070880676723,0.027048979977571,5.209451552626505e-05,0.0277665509244903,8.534154496770557e-06,0.0001142632309577
0.319899433491831,0.1490092178267582,4.202444884529893e-05,0.4697232526348577,0.0044208836269363,0.0696133400652955
0.0960030204974593,0.0317247022036318,0.0001052319826885,0.027680182013878,1.0305951761491183e-05,0.0004147322308579
0.0,0.0,0.0,0.6399035857804121,0.0655430085398257,0.048705370798707
0.636268319668105,0.2920448167396752,8.680471372225762e-05,0.4710587826939877,0.0743668700162647,0.0811946942278246
0.0,0.0,0.0,0.5637862480431794,0.0828635752573609,0.0490430975705385
0.064663187645446,0.0348698588930585,5.9383800606732775e-05,0.0443979159630215,6.656710100028454e-05,0.1422209348985493
0.0563135144175641,0.0277618871722671,4.745847195581198e-05,0.1668570151741941,0.0002879646974243,0.1393920999206981
0.215812397948083,0.0936260167018838,7.434993405341522e-05,0.4086758213316123,0.0030447159863359,0.0447495402845699
0.4222742548532278,0.1538729245593739,4.834073010097709e-05,0.5983626249998861,0.0118185650931186,0.0084331020454472
0.1786479946665698,0.0710581412482692,6.670362859147301e-05,0.5039068236280915,0.0033784051385016,0.0372454935333662
0.437511687252878,0.1887998290035721,3.973774493904804e-05,0.7190695437495407,0.0148606332602698,0.0343698402430325
0.0,0.0,0.0,0.4929101047385483,0.06042430723086,0.0682901149708777
0.4383804649811649,0.2026250677068297,9.87079768232264e-05,0.5611054406025566,0.0139437553326111,0.0647652701229604
0.0942537605842017,0.0500861738651145,0.0001086888614018,0.0347058199340136,9.50797065662882e-05,0.1003484427126712
0.0969063079513341,0.0341940429917497,7.65710847002065e-05,0.3334619551831317,0.0007904982465667,0.0192372603490414
0.3398224647996224,0.1284575367751265,6.427666502907127e-05,0.6498059921164575,0.0104977653669282,0.0182388447497984
0.0695749582142444,0.0350308158901818,8.910628412139938e-05,0.0990281842202738,0.0002371691852763,0.106592489095548
0.5887994668351191,0.2537867903784822,6.864221609194651e-05,0.632464437673,0.0477083900367704,0.0345974328248964
0.0,0.0,0.0,0.5013035954907537,0.067087377551943,0.0381698178686201
0.0,0.0,0.0,0.6269635885674506,0.0728061361797154,0.049661076227203
0.046655250338617,0.019003732826162,5.920924281283668e-05,0.3470438382547165,0.0005720130231446,0.0750191145007443
0.39916713541637,0.1650127694266338,4.214755088653434e-05,0.6930717778854134,0.0118136202619165,0.0249541512526022
0.5675948147116288,0.2574398461342895,0.0001107273011946,0.536815370259759,0.029328564993579,0.0451387405453894
0.0,0.0,0.0,0.5764377233479172,0.0523670563474297,0.074913334948942
0.1071068148961166,0.0515804192930906,8.611150461729468e-05,0.0675371205233027,0.0001235449749246,0.0335943873480426
0.0520453808041954,0.0283564086146664,7.854498102854143e-05,0.020838773714722,1.6662235392997382e-05,0.0768801298043789
0.1354633413871515,0.0596505786783191,4.706113300086692e-05,0.3182690411901332,0.0010993522672114,0.0537216536933149
0.1113116312692972,0.0509596565677959,0.000105674110681,0.0655775464926917,0.0001004878257535,0.0153087768719759
0.2115171492110069,0.0925394304995515,8.404940021945486e-05,0.4106751663048331,0.0034066088598421,0.0521254142713512
0.0823597016077995,0.0444692785030475,8.227776959834786e-05,0.0200654141630022,2.944162745643908e-05,0.0846281185774847
0.1561566164811658,0.0519555456903264,5.172743602378661e-05,0.4936519952726436,0.0021138953126847,0.0147323700143123
0.0744701354523227,0.0375213569065188,4.99672932279116e-05,0.1124825063979599,0.0002173454068566,0.1231816798712813
0.0,0.0,0.0,0.648919834708795,0.0377118220180273,0.0747691103164106
0.0997525228841035,0.0437055037888443,8.26694297878092e-05,0.3063281788516014,0.0012325564348905,0.0715826387003819
0.0879499140726992,0.0439284172688199,5.12438414480596e-05,0.0840916133157492,0.0001415170116889,0.0799557791375713
0.0766469705132824,0.0322421161048802,8.522303225603447e-05,0.3106842123151231,0.00092592656507,0.0634955621913011
0.0863683954994331,0.0447133046026427,5.674128561569777e-05,0.0357102837797445,4.4317516659748285e-05,0.0679365988889466
0.1372372257117476,0.0630087651493166,3.976600113856077e-05,0.2940666710233872,0.0010330686644716,0.0750934961566817
0.06652274301379,0.0340540478043815,0.0001150410105139,0.0231196860296102,2.2207520851314985e-05,0.0329455733647479
0.0,0.0,0.0,0.7010461989045143,0.0512543385289609,0.0380952182598412
0.1326695429906762,0.0668639142502452,0.0001133924338156,0.0737596832161414,0.0003204835408758,0.0798805294271645
0.064544036030072,0.0334459306340795,0.0001221166440839,0.0189951860249727,1.7475188765700422e-05,0.0333411559129015
0.0423607788121255,0.0181280238673831,9.12448770243113e-05,0.1676887878874492,0.0001876588983552,0.0457250388256575
0.3813823389030576,0.1680949472512416,2.7155447633636016e-05,0.6849579655312669,0.0083622223521773,0.0406494035634825
0.1650182309069328,0.0780419453067446,0.0001109728772318,0.1411499703544998,0.0006829636114761,0.0478343938291604
0.1143336485922071,0.0308562628580792,7.264325934893725e-05,0.4067876640836749,0.0011756989444057,0.0079836821630184
0.0,0.0,0.0,0.5638933474011718,0.0597864481993019,0.042408308647573
0.0640983340981865,0.0243541093227376,4.6972831911508136e-05,0.5534940068582512,0.00160048993201,0.0783377881717903
0.1987149848283373,0.0898561403197009,6.543001281380281e-05,0.3617483564898279,0.0024752428899466,0.0639920829767037
0.1300483244438617,0.0544057118454749,9.628095512855782e-05,0.0526460369889046,4.939569408651167e-05,0.0034166730021177
0.1127093616580912,0.0565610699042061,8.53626180902914e-05,0.1156235619532935,0.0004897322360512,0.1167669359027275
0.0,0.0,0.0,0.6593562485929578,0.0412306801415979,0.0501732923742383
0.0,0.0,0.0,0.5203308507241309,0.0740107108280062,0.0357815886102616
0.5080099065173942,0.2348667749838521,5.496700244723419e-05,0.6733361461908063,0.02307465987244,0.069736608855368
0.4367633914620119,0.1967095956162332,5.210389684758928e-05,0.5672760434920853,0.0087593998140674,0.0365210999870177
0.0,0.0,0.0,0.5037465359549969,0.0804371090047061,0.05552220354788
0.6000409400605667,0.2598491868371074,4.302109357550174e-05,0.6700406987021424,0.05136895578095,0.0359148420640458
0.1370858950575064,0.0297737167629286,7.456341138437527e-05,0.0267484837776817,1.8865694027654645e-05,6.0953580003630936e-05
0.0,0.0,0.0,0.5708274366054684,0.062715368475765,0.0830337106157094
0.5710930642815366,0.2685096342940692,4.044278652660517e-05,0.6150725575544087,0.0248229099416084,0.0728872569836477
0.104437428191731,0.0304189197425957,4.6333549905311e-05,0.1410053674343903,0.0001135842729807,0.0017652152392015
0.3740971994653732,0.0975832020911681,4.42128885264597e-05,0.598020945431698,0.0137942509660169,0.0035190886734534
0.3373580967035955,0.1547954186877896,5.979390123969214e-05,0.4913150932915217,0.0057857171649423,0.0588550920699108
0.3667331234890707,0.1355003520295933,6.0906369744184606e-05,0.6585554424549792,0.0121907634965346,0.014829865020673
0.1272863215335551,0.060377891366537,7.883503742802719e-05,0.1141164245277812,0.0003126092008387,0.0439674924153117
0.5161729730616821,0.1900923703209303,5.312099810221912e-05,0.6742886643956767,0.0309900153305818,0.0113822867057975
0.1223290036632787,0.0442710356582825,9.93014134742574e-05,0.1727062949139257,0.0003390439871298,0.0071362590856487
0.0,0.0,0.0,0.5685524214245379,0.0274424145556986,0.0353720586001873
0.0534570687210789,0.0253386919383854,8.034268987872416e-05,0.2030809801114014,0.0004721693419274,0.1196973681015967
0.0839087335145225,0.0406027194994643,7.104624463175523e-05,0.0670291120999023,8.674833330230697e-05,0.038209814886528
0.0,0.0,0.0,0.5252982931118458,0.0708559693396091,0.0610275058541446
0.4955385858278195,0.2293185590119143,4.787446178697548e-05,0.6555178891287684,0.0175552567867723,0.0631666071836924
0.0,0.0,0.0,0.5850699888728559,0.0554893751814961,0.0191043012402951
0.2086014628511761,0.0883335749524984,4.792823616154952e-05,0.5699645489533864,0.0046815116897027,0.0562712670330554
0.617981683277283,0.2861414959066671,5.113429405576315e-05,0.5382505758327873,0.0422816172801298,0.0646215390603009
0.0,0.0,0.0,0.5426787423528731,0.0845771885849535,0.0457340739667415
0.1768673910533444,0.0751118815119926,6.307963631639707e-05,0.4944384621767235,0.0036529904139064,0.0599426590137612
0.0,0.0,0.0,0.5266444086655975,0.0516666421107947,0.0227431275881826
0.1356052955139527,0.0516809616998282,9.8621720561029e-05,0.2197714536254136,0.000611383414816,0.0122486106759878
0.0,0.0,0.0,0.5229990508779883,0.0493141219019889,0.0476583873480558
0.0747083529750565,0.0326422988256882,6.0134691962167975e-05,0.2179891847325878,0.0003832102656883,0.0499066256555219
0.0,0.0,0.0,0.6794520816579461,0.0693052627705037,0.0307997614704072
0.0,0.0,0.0,0.6872473786119373,0.034512782394886,0.0667623898293823
0.0,0.0,0.0,0.5877250626124442,0.039275119099766,0.07706551797688
0.0906699314222206,0.0467987388688132,8.568257282703639e-05,0.0573164215787968,0.0001418455570558,0.0954583412883143
0.5131881887336934,0.2009206792849486,4.843016209559036e-05,0.5668820835813017,0.0165249812564075,0.0089806719207654
0.0,0.0,0.0,0.645006296094507,0.0394472066126763,0.0458090146631002
